[{
 "accountId": 26422916,
 "verifiedEmail": "abderm@usi.ch"
}, {
 "accountId": 26439785,
 "verifiedEmail": "arash.mowdoudi@usi.ch"
}, {
 "accountId": 22938042,
 "verifiedEmail": "artusa@usi.ch"
}, {
 "accountId": 24363613,
 "verifiedEmail": "atwih@usi.ch"
}, {
 "accountId": 26425609,
 "verifiedEmail": "atwim@usi.ch"
}, {
 "accountId": 19966221,
 "verifiedEmail": "beltrl@usi.ch"
}, {
 "accountId": 19650360,
 "verifiedEmail": "benama@usi.ch"
}, {
 "accountId": 26437571,
 "verifiedEmail": "bertit@usi.ch"
}, {
 "accountId": 22948919,
 "verifiedEmail": "biasim@usi.ch"
}, {
 "accountId": 26544218,
 "verifiedEmail": "bonetgi@usi.ch"
}, {
 "accountId": 26380374,
 "verifiedEmail": "bonezf@usi.ch"
}, {
 "accountId": 26380572,
 "verifiedEmail": "caglif@usi.ch"
}, {
 "accountId": 21307720,
 "verifiedEmail": "carmer@usi.ch"
}, {
 "accountId": 26380346,
 "verifiedEmail": "carrex@usi.ch"
}, {
 "accountId": 16941029,
 "verifiedEmail": "cerfea@usi.ch"
}, {
 "accountId": 6266873,
 "verifiedEmail": "cesare.pautasso@usi.ch"
}, {
 "accountId": 26380330,
 "verifiedEmail": "christian.laemmle@usi.ch"
}, {
 "accountId": 23034425,
 "verifiedEmail": "cinol@usi.ch"
}, {
 "accountId": 22971031,
 "verifiedEmail": "copaa@usi.ch"
}, {
 "accountId": 16142206,
 "verifiedEmail": "dallem@usi.ch"
}, {
 "accountId": 26423073,
 "verifiedEmail": "defill@usi.ch"
}, {
 "accountId": 26920560,
 "verifiedEmail": "deiddp@usi.ch"
}, {
 "accountId": 26516265,
 "verifiedEmail": "delara.lomen@usi.ch"
}, {
 "accountId": 22885526,
 "verifiedEmail": "dilauf@usi.ch"
}, {
 "accountId": 14265965,
 "verifiedEmail": "divenj@usi.ch"
}, {
 "accountId": 9309021,
 "verifiedEmail": "edoardo.riggio@usi.ch"
}, {
 "accountId": 26523622,
 "verifiedEmail": "eduardo.trabattoni@usi.ch"
}, {
 "accountId": 5594291,
 "verifiedEmail": "fabio.di.lauro@usi.ch"
}, {
 "accountId": 26807982,
 "verifiedEmail": "facinj@usi.ch"
}, {
 "accountId": 26650547,
 "verifiedEmail": "fantof@usi.ch"
}, {
 "accountId": 23419901,
 "verifiedEmail": "faracm@usi.ch"
}, {
 "accountId": 22937794,
 "verifiedEmail": "ferraro@usi.ch"
}, {
 "accountId": 23419488,
 "verifiedEmail": "georgy.batyrev@usi.ch"
}, {
 "accountId": 26589765,
 "verifiedEmail": "gianluca.maragliano@usi.ch"
}, {
 "accountId": 26380955,
 "verifiedEmail": "giobbc@usi.ch"
}, {
 "accountId": 26589688,
 "verifiedEmail": "guancl@usi.ch"
}, {
 "accountId": 26390973,
 "verifiedEmail": "guerrci@usi.ch"
}, {
 "accountId": 26380337,
 "verifiedEmail": "hellej@usi.ch"
}, {
 "accountId": 26038350,
 "verifiedEmail": "itorders@usi.ch"
}, {
 "accountId": 22936771,
 "verifiedEmail": "jelmim@usi.ch"
}, {
 "accountId": 26382302,
 "verifiedEmail": "kaloum@usi.ch"
}, {
 "accountId": 26380325,
 "verifiedEmail": "kaplak@usi.ch"
}, {
 "accountId": 25492213,
 "verifiedEmail": "krausp@usi.ch"
}, {
 "accountId": 21831771,
 "verifiedEmail": "lettrm@usi.ch"
}, {
 "accountId": 26515378,
 "verifiedEmail": "libers@usi.ch"
}, {
 "accountId": 22892264,
 "verifiedEmail": "likolk@usi.ch"
}, {
 "accountId": 25584266,
 "verifiedEmail": "liupe@usi.ch"
}, {
 "accountId": 26380344,
 "verifiedEmail": "loikaa@usi.ch"
}, {
 "accountId": 26423528,
 "verifiedEmail": "loren.shukry@usi.ch"
}, {
 "accountId": 26380594,
 "verifiedEmail": "ludovica.savoia@usi.ch"
}, {
 "accountId": 26536193,
 "verifiedEmail": "masutc@usi.ch"
}, {
 "accountId": 26380340,
 "verifiedEmail": "mattia.gianinazzi.1@usi.ch"
}, {
 "accountId": 22262797,
 "verifiedEmail": "mazzun@usi.ch"
}, {
 "accountId": 26499034,
 "verifiedEmail": "mohank@usi.ch"
}, {
 "accountId": 26482723,
 "verifiedEmail": "montiag@usi.ch"
}, {
 "accountId": 16954744,
 "verifiedEmail": "moralj@usi.ch"
}, {
 "accountId": 26584079,
 "verifiedEmail": "mystrd@usi.ch"
}, {
 "accountId": 20158090,
 "verifiedEmail": "nicolo.tafta@usi.ch"
}, {
 "accountId": 26380617,
 "verifiedEmail": "perrir@usi.ch"
}, {
 "accountId": 26380274,
 "verifiedEmail": "perucn@usi.ch"
}, {
 "accountId": 26858198,
 "verifiedEmail": "philip.krause@usi.ch"
}, {
 "accountId": 26380329,
 "verifiedEmail": "pilonf@usi.ch"
}, {
 "accountId": 15578835,
 "verifiedEmail": "prokoj@usi.ch"
}, {
 "accountId": 10891936,
 "verifiedEmail": "rebufg@usi.ch"
}, {
 "accountId": 26523402,
 "verifiedEmail": "rimh@usi.ch"
}, {
 "accountId": 26977342,
 "verifiedEmail": "roberto.ferrari@usi.ch"
}, {
 "accountId": 26380350,
 "verifiedEmail": "roberto.ibanez@usi.ch"
}, {
 "accountId": 26456697,
 "verifiedEmail": "sardoa@usi.ch"
}, {
 "accountId": 26383646,
 "verifiedEmail": "sofia.datri@usi.ch"
}, {
 "accountId": 10034586,
 "verifiedEmail": "souhaila.serbout@usi.ch"
}, {
 "accountId": 26384178,
 "verifiedEmail": "tamans@usi.ch"
}, {
 "accountId": 26509088,
 "verifiedEmail": "zellei@usi.ch"
}]