[{
 "isCode": false,
 "tagBased": false,
 "single": true,
 "awardedCount": 21,
 "id": 1,
 "class": "Bronze",
 "badgeReasonTypeId": "Post",
 "awardFrequency": 1,
 "description": "Answered first question with at least one up vote",
 "name": "Teacher"
}, {
 "isCode": false,
 "tagBased": false,
 "single": true,
 "awardedCount": 25,
 "id": 2,
 "class": "Bronze",
 "badgeReasonTypeId": "Post",
 "awardFrequency": 1,
 "description": "Asked first question with at least one up vote",
 "name": "Student"
}, {
 "isCode": false,
 "tagBased": false,
 "single": true,
 "awardedCount": 18,
 "id": 3,
 "class": "Bronze",
 "badgeReasonTypeId": "Post",
 "awardFrequency": 1,
 "description": "First edit",
 "name": "Editor"
}, {
 "isCode": false,
 "tagBased": false,
 "single": true,
 "awardedCount": 0,
 "id": 4,
 "class": "Bronze",
 "badgeReasonTypeId": "Post",
 "awardFrequency": 1,
 "description": "First rollback",
 "name": "Cleanup"
}, {
 "isCode": false,
 "tagBased": false,
 "single": true,
 "awardedCount": 1,
 "id": 5,
 "class": "Bronze",
 "badgeReasonTypeId": "Post",
 "awardFrequency": 1,
 "description": "First retag",
 "name": "Organizer"
}, {
 "isCode": false,
 "tagBased": false,
 "single": true,
 "awardedCount": 36,
 "id": 6,
 "class": "Bronze",
 "badgeReasonTypeId": "Other",
 "awardFrequency": 1,
 "description": "First up vote",
 "name": "Supporter"
}, {
 "isCode": false,
 "tagBased": false,
 "single": true,
 "awardedCount": 0,
 "id": 7,
 "class": "Bronze",
 "badgeReasonTypeId": "Other",
 "awardFrequency": 20,
 "description": "First down vote",
 "name": "Critic"
}, {
 "isCode": false,
 "tagBased": false,
 "single": true,
 "awardedCount": 0,
 "id": 8,
 "class": "Bronze",
 "badgeReasonTypeId": "Other",
 "awardFrequency": 1,
 "description": "First flagged post",
 "name": "Citizen Patrol"
}, {
 "isCode": false,
 "tagBased": false,
 "single": true,
 "awardedCount": 4,
 "id": 9,
 "class": "Bronze",
 "badgeReasonTypeId": "Other",
 "awardFrequency": 1,
 "description": "Completed all user profile fields",
 "name": "Autobiographer"
}, {
 "isCode": false,
 "tagBased": false,
 "single": true,
 "awardedCount": 21,
 "id": 10,
 "class": "Bronze",
 "badgeReasonTypeId": "Post",
 "awardFrequency": 1,
 "description": "First accepted answer on your own question",
 "name": "Scholar"
}, {
 "isCode": false,
 "tagBased": false,
 "single": true,
 "awardedCount": 0,
 "id": 11,
 "class": "Silver",
 "badgeReasonTypeId": "Tag",
 "awardFrequency": 2,
 "description": "Created a tag used by 50 questions",
 "name": "Taxonomist"
}, {
 "isCode": false,
 "tagBased": false,
 "single": true,
 "awardedCount": 0,
 "id": 12,
 "class": "Silver",
 "badgeReasonTypeId": "Other",
 "awardFrequency": 8,
 "description": "Edited 80 posts",
 "name": "Strunk & White"
}, {
 "isCode": false,
 "tagBased": false,
 "single": false,
 "awardedCount": 0,
 "id": 13,
 "class": "Silver",
 "badgeReasonTypeId": "Other",
 "awardFrequency": 2,
 "description": "Active member for a year, earning at least 200 reputation",
 "name": "Yearling"
}, {
 "isCode": false,
 "tagBased": false,
 "single": true,
 "awardedCount": 5,
 "id": 14,
 "class": "Bronze",
 "badgeReasonTypeId": "Post",
 "awardFrequency": 2,
 "description": "Answered your own question with at least 3 up votes",
 "name": "Self-Learner"
}, {
 "isCode": false,
 "tagBased": false,
 "single": false,
 "awardedCount": 0,
 "id": 15,
 "class": "Silver",
 "badgeReasonTypeId": "Other",
 "awardFrequency": 2,
 "description": "Provided non-wiki answers of 15 total score in 20 of top 40 tags",
 "name": "Generalist"
}, {
 "isCode": false,
 "tagBased": false,
 "single": false,
 "awardedCount": 0,
 "id": 17,
 "class": "Silver",
 "badgeReasonTypeId": "Post",
 "awardFrequency": 2,
 "description": "Answered a question more than 60 days later with at least 5 votes",
 "name": "Necromancer"
}, {
 "isCode": false,
 "tagBased": false,
 "single": false,
 "awardedCount": 0,
 "id": 18,
 "class": "Silver",
 "badgeReasonTypeId": "Post",
 "awardFrequency": 2,
 "description": "Accepted answer and voted up 40 times",
 "name": "Guru"
}, {
 "isCode": false,
 "tagBased": false,
 "single": false,
 "awardedCount": 0,
 "id": 19,
 "class": "Silver",
 "badgeReasonTypeId": "Post",
 "awardFrequency": 10,
 "description": "First to answer and accepted with at least 10 upvotes",
 "name": "Enlightened"
}, {
 "isCode": false,
 "tagBased": false,
 "single": false,
 "awardedCount": 0,
 "id": 20,
 "class": "Bronze",
 "badgeReasonTypeId": "Post",
 "awardFrequency": 1,
 "description": "Question voted up 10 times",
 "name": "Nice Question"
}, {
 "isCode": false,
 "tagBased": false,
 "single": false,
 "awardedCount": 0,
 "id": 21,
 "class": "Silver",
 "badgeReasonTypeId": "Post",
 "awardFrequency": 2,
 "description": "Question voted up 25 times",
 "name": "Good Question"
}, {
 "isCode": false,
 "tagBased": false,
 "single": false,
 "awardedCount": 0,
 "id": 22,
 "class": "Gold",
 "badgeReasonTypeId": "Post",
 "awardFrequency": 3,
 "description": "Question voted up 100 times",
 "name": "Great Question"
}, {
 "isCode": false,
 "tagBased": false,
 "single": false,
 "awardedCount": 0,
 "id": 23,
 "class": "Bronze",
 "badgeReasonTypeId": "Post",
 "awardFrequency": 1,
 "description": "Answer voted up 10 times",
 "name": "Nice Answer"
}, {
 "isCode": false,
 "tagBased": false,
 "single": false,
 "awardedCount": 0,
 "id": 24,
 "class": "Silver",
 "badgeReasonTypeId": "Post",
 "awardFrequency": 2,
 "description": "Answer voted up 25 times",
 "name": "Good Answer"
}, {
 "isCode": false,
 "tagBased": false,
 "single": false,
 "awardedCount": 0,
 "id": 25,
 "class": "Gold",
 "badgeReasonTypeId": "Post",
 "awardFrequency": 3,
 "description": "Answer voted up 100 times",
 "name": "Great Answer"
}, {
 "isCode": false,
 "tagBased": false,
 "single": false,
 "awardedCount": 0,
 "id": 26,
 "class": "Bronze",
 "badgeReasonTypeId": "Post",
 "awardFrequency": 1,
 "description": "Asked a question with 1,000 views",
 "name": "Popular Question"
}, {
 "isCode": false,
 "tagBased": false,
 "single": false,
 "awardedCount": 0,
 "id": 27,
 "class": "Silver",
 "badgeReasonTypeId": "Post",
 "awardFrequency": 2,
 "description": "Asked a question with 2,500 views",
 "name": "Notable Question"
}, {
 "isCode": false,
 "tagBased": false,
 "single": false,
 "awardedCount": 0,
 "id": 28,
 "class": "Gold",
 "badgeReasonTypeId": "Post",
 "awardFrequency": 3,
 "description": "Asked a question with 10,000 views",
 "name": "Famous Question"
}, {
 "isCode": false,
 "tagBased": false,
 "single": true,
 "awardedCount": 0,
 "id": 30,
 "class": "Silver",
 "badgeReasonTypeId": "Other",
 "awardFrequency": 1,
 "description": "Actively participated in the private beta",
 "name": "Beta"
}, {
 "isCode": false,
 "tagBased": false,
 "single": true,
 "awardedCount": 2,
 "id": 31,
 "class": "Bronze",
 "badgeReasonTypeId": "Other",
 "awardFrequency": 1,
 "description": "Left 10 comments",
 "name": "Commentator"
}, {
 "isCode": false,
 "tagBased": false,
 "single": true,
 "awardedCount": 0,
 "id": 32,
 "class": "Silver",
 "badgeReasonTypeId": "Other",
 "awardFrequency": 2,
 "description": "Voted 300 times",
 "name": "Civic Duty"
}, {
 "isCode": false,
 "tagBased": false,
 "single": false,
 "awardedCount": 0,
 "id": 33,
 "class": "Silver",
 "badgeReasonTypeId": "Post",
 "awardFrequency": 5,
 "description": "Question favorited by 25 users",
 "name": "Favorite Question"
}, {
 "isCode": false,
 "tagBased": false,
 "single": false,
 "awardedCount": 0,
 "id": 36,
 "class": "Gold",
 "badgeReasonTypeId": "Post",
 "awardFrequency": 3,
 "description": "Question favorited by 100 users",
 "name": "Stellar Question"
}, {
 "isCode": false,
 "tagBased": false,
 "single": true,
 "awardedCount": 0,
 "id": 37,
 "class": "Bronze",
 "badgeReasonTypeId": "PrivatePost",
 "awardFrequency": 1,
 "description": "Deleted own post with score of 3 or higher",
 "name": "Disciplined"
}, {
 "isCode": false,
 "tagBased": false,
 "single": true,
 "awardedCount": 0,
 "id": 38,
 "class": "Bronze",
 "badgeReasonTypeId": "PrivatePost",
 "awardFrequency": 1,
 "description": "Deleted own post with score of -3 or lower",
 "name": "Peer Pressure"
}, {
 "isCode": false,
 "tagBased": false,
 "single": false,
 "awardedCount": 0,
 "id": 39,
 "class": "Gold",
 "badgeReasonTypeId": "Post",
 "awardFrequency": 5,
 "description": "Provided an answer that outscored an accepted answer with 10 votes by 2x",
 "name": "Populist"
}, {
 "isCode": false,
 "tagBased": false,
 "single": true,
 "awardedCount": 0,
 "id": 40,
 "class": "Bronze",
 "badgeReasonTypeId": "Post",
 "awardFrequency": 5,
 "description": "Asked a question with no votes, no answers, no comments, and low views for a week",
 "name": "Tumbleweed"
}, {
 "isCode": false,
 "tagBased": false,
 "single": true,
 "awardedCount": 0,
 "id": 41,
 "class": "Bronze",
 "badgeReasonTypeId": "Other",
 "awardFrequency": 2,
 "description": "Earned at least 200 reputation in a single day",
 "name": "Mortarboard"
}, {
 "isCode": false,
 "tagBased": false,
 "single": true,
 "awardedCount": 0,
 "id": 42,
 "class": "Silver",
 "badgeReasonTypeId": "Other",
 "awardFrequency": 10,
 "description": "Earned 200 daily reputation 50 times",
 "name": "Epic"
}, {
 "isCode": false,
 "tagBased": false,
 "single": true,
 "awardedCount": 0,
 "id": 43,
 "class": "Gold",
 "badgeReasonTypeId": "Other",
 "awardFrequency": 10,
 "description": "Earned 200 daily reputation 150 times",
 "name": "Legendary"
}, {
 "isCode": false,
 "tagBased": false,
 "single": true,
 "awardedCount": 0,
 "id": 44,
 "class": "Gold",
 "badgeReasonTypeId": "Other",
 "awardFrequency": 10,
 "description": "Voted on 600 questions and 25% or more of total votes are on questions",
 "name": "Electorate"
}, {
 "isCode": false,
 "tagBased": false,
 "single": true,
 "awardedCount": 1,
 "id": 45,
 "class": "Bronze",
 "badgeReasonTypeId": "Post",
 "awardFrequency": 1,
 "description": "First bounty you offered on another person's question",
 "name": "Investor"
}, {
 "isCode": false,
 "tagBased": false,
 "single": true,
 "awardedCount": 1,
 "id": 46,
 "class": "Bronze",
 "badgeReasonTypeId": "Post",
 "awardFrequency": 1,
 "description": "First bounty you offered on your own question",
 "name": "Promoter"
}, {
 "isCode": false,
 "tagBased": false,
 "single": true,
 "awardedCount": 0,
 "id": 47,
 "class": "Bronze",
 "badgeReasonTypeId": "Post",
 "awardFrequency": 1,
 "description": "First bounty you manually awarded on your own question",
 "name": "Benefactor"
}, {
 "isCode": false,
 "tagBased": false,
 "single": true,
 "awardedCount": 0,
 "id": 48,
 "class": "Bronze",
 "badgeReasonTypeId": "Post",
 "awardFrequency": 1,
 "description": "First bounty you manually awarded on another person's question",
 "name": "Altruist"
}, {
 "isCode": false,
 "tagBased": false,
 "single": true,
 "awardedCount": 0,
 "id": 49,
 "class": "Gold",
 "badgeReasonTypeId": "Other",
 "awardFrequency": 8,
 "description": "Edited 500 posts",
 "name": "Copy Editor"
}, {
 "isCode": false,
 "tagBased": false,
 "single": true,
 "awardedCount": 0,
 "id": 50,
 "class": "Silver",
 "badgeReasonTypeId": "Other",
 "awardFrequency": 4,
 "description": "Zero score accepted answers: more than 5 and 20% of total",
 "name": "Tenacious"
}, {
 "isCode": false,
 "tagBased": false,
 "single": true,
 "awardedCount": 0,
 "id": 51,
 "class": "Gold",
 "badgeReasonTypeId": "Other",
 "awardFrequency": 4,
 "description": "Zero score accepted answers: more than 10 and 25% of total",
 "name": "Unsung Hero"
}, {
 "isCode": false,
 "tagBased": false,
 "single": true,
 "awardedCount": 0,
 "id": 54,
 "class": "Silver",
 "badgeReasonTypeId": "Other",
 "awardFrequency": 1,
 "description": "Visited the site each day for 30 consecutive days",
 "name": "Enthusiast"
}, {
 "isCode": false,
 "tagBased": false,
 "single": true,
 "awardedCount": 0,
 "id": 55,
 "class": "Gold",
 "badgeReasonTypeId": "Other",
 "awardFrequency": 1,
 "description": "Visited the site each day for 100 consecutive days",
 "name": "Fanatic"
}, {
 "isCode": false,
 "tagBased": false,
 "single": true,
 "awardedCount": 0,
 "id": 56,
 "class": "Silver",
 "badgeReasonTypeId": "Other",
 "awardFrequency": 2,
 "description": "Left 10 comments with score of 5 or more",
 "name": "Pundit"
}, {
 "isCode": false,
 "tagBased": false,
 "single": false,
 "awardedCount": 0,
 "id": 57,
 "class": "Gold",
 "badgeReasonTypeId": "Post",
 "awardFrequency": 3,
 "description": "Provided answer of +20 score to a question of -5 score",
 "name": "Reversal"
}, {
 "isCode": false,
 "tagBased": false,
 "single": true,
 "awardedCount": 0,
 "id": 58,
 "class": "Bronze",
 "badgeReasonTypeId": "Tag",
 "awardFrequency": 1,
 "description": "First Tag Wiki Edit",
 "name": "Tag Editor"
}, {
 "isCode": false,
 "tagBased": false,
 "single": true,
 "awardedCount": 0,
 "id": 59,
 "class": "Bronze",
 "badgeReasonTypeId": "Post",
 "awardFrequency": 10,
 "description": "Shared a link to a question that was visited by 25 unique IP addresses in 3 days",
 "name": "Announcer"
}, {
 "isCode": false,
 "tagBased": false,
 "single": true,
 "awardedCount": 0,
 "id": 60,
 "class": "Silver",
 "badgeReasonTypeId": "Post",
 "awardFrequency": 10,
 "description": "Shared a link to a question that was visited by 300 unique IP addresses in 4 days",
 "name": "Booster"
}, {
 "isCode": false,
 "tagBased": false,
 "single": true,
 "awardedCount": 0,
 "id": 61,
 "class": "Gold",
 "badgeReasonTypeId": "Post",
 "awardFrequency": 20,
 "description": "Shared a link to a question that was visited by 1000 unique IP addresses in 5 days",
 "name": "Publicist"
}, {
 "isCode": false,
 "tagBased": false,
 "single": true,
 "awardedCount": 1,
 "id": 62,
 "class": "Bronze",
 "badgeReasonTypeId": "Other",
 "awardFrequency": 5,
 "description": "Used 30 votes in a day",
 "name": "Suffrage"
}, {
 "isCode": false,
 "tagBased": false,
 "single": true,
 "awardedCount": 0,
 "id": 63,
 "class": "Silver",
 "badgeReasonTypeId": "Other",
 "awardFrequency": 10,
 "description": "Up voted 100 competing answers",
 "name": "Sportsmanship"
}, {
 "isCode": false,
 "tagBased": false,
 "single": false,
 "awardedCount": 0,
 "id": 64,
 "class": "Bronze",
 "badgeReasonTypeId": "Post",
 "awardFrequency": 3,
 "description": "Answered more than 30 days later as first answer scoring 2 or more",
 "name": "Revival"
}, {
 "isCode": true,
 "tagBased": false,
 "single": true,
 "awardedCount": 0,
 "id": 65,
 "class": "Bronze",
 "badgeReasonTypeId": "Other",
 "awardFrequency": 1,
 "description": "Posted 10 messages, with 1 or more starred, in <a href=\"$ChatUrl\">chat</a>",
 "name": "Talkative"
}, {
 "isCode": true,
 "tagBased": false,
 "single": true,
 "awardedCount": 0,
 "id": 66,
 "class": "Bronze",
 "badgeReasonTypeId": "Other",
 "awardFrequency": 1,
 "description": "Followed the <a href=\"http://area51.stackexchange.com/\">Area 51</a> proposal for this site before it entered the commitment phase",
 "name": "Precognitive"
}, {
 "isCode": true,
 "tagBased": false,
 "single": true,
 "awardedCount": 0,
 "id": 67,
 "class": "Bronze",
 "badgeReasonTypeId": "Other",
 "awardFrequency": 1,
 "description": "one post with score of 2 on <a href=\"$MetaUrl\">meta</a>",
 "name": "Quorum"
}, {
 "isCode": true,
 "tagBased": false,
 "single": true,
 "awardedCount": 0,
 "id": 68,
 "class": "Silver",
 "badgeReasonTypeId": "Other",
 "awardFrequency": 1,
 "description": "10 posts with score of 2 on <a href=\"$MetaUrl\">meta</a>",
 "name": "Convention"
}, {
 "isCode": true,
 "tagBased": false,
 "single": true,
 "awardedCount": 0,
 "id": 69,
 "class": "Silver",
 "badgeReasonTypeId": "Other",
 "awardFrequency": 1,
 "description": "Posted 10 messages in <a href=\"$ChatUrl\">chat</a> that were starred by 10 different users",
 "name": "Outspoken"
}, {
 "isCode": true,
 "tagBased": false,
 "single": true,
 "awardedCount": 0,
 "id": 70,
 "class": "Silver",
 "badgeReasonTypeId": "Other",
 "awardFrequency": 1,
 "description": "Achieved a flag weight of 500 by <a href=\"/review\">reviewing</a> and flagging appropriately",
 "name": "Deputy"
}, {
 "isCode": false,
 "tagBased": false,
 "single": true,
 "awardedCount": 1,
 "id": 71,
 "class": "Bronze",
 "badgeReasonTypeId": "Other",
 "awardFrequency": 5,
 "description": "Used the maximum 40 votes in a day",
 "name": "Vox Populi"
}, {
 "isCode": false,
 "tagBased": false,
 "single": true,
 "awardedCount": 0,
 "id": 72,
 "class": "Bronze",
 "badgeReasonTypeId": "TagSynonym",
 "awardFrequency": 1,
 "description": "",
 "name": "Synonymizer"
}, {
 "isCode": false,
 "tagBased": false,
 "single": true,
 "awardedCount": 0,
 "id": 73,
 "class": "Bronze",
 "badgeReasonTypeId": "Other",
 "awardFrequency": 1,
 "description": "Approved or rejected 100 suggested edits",
 "name": "Proofreader"
}, {
 "isCode": false,
 "tagBased": false,
 "single": true,
 "awardedCount": 0,
 "id": 74,
 "class": "Silver",
 "badgeReasonTypeId": "Other",
 "awardFrequency": 8,
 "description": "...",
 "name": "Archaeologist"
}, {
 "isCode": false,
 "tagBased": false,
 "single": true,
 "awardedCount": 0,
 "id": 75,
 "class": "Bronze",
 "badgeReasonTypeId": "Post",
 "awardFrequency": 8,
 "description": "...",
 "name": "Excavator"
}, {
 "isCode": false,
 "tagBased": false,
 "single": true,
 "awardedCount": 0,
 "id": 76,
 "class": "Gold",
 "badgeReasonTypeId": "Other",
 "awardFrequency": 1,
 "description": "...",
 "name": "Marshal"
}, {
 "isCode": false,
 "tagBased": false,
 "single": true,
 "awardedCount": 0,
 "id": 77,
 "class": "Bronze",
 "badgeReasonTypeId": "Other",
 "awardFrequency": 1,
 "description": "...",
 "name": "Analytical"
}, {
 "isCode": false,
 "tagBased": false,
 "single": true,
 "awardedCount": 0,
 "id": 78,
 "class": "Silver",
 "badgeReasonTypeId": "Review",
 "awardFrequency": 5,
 "description": "Completed 250 or more <a href=\"/review\">review</a> tasks. This badge is awarded once per review type",
 "name": "Reviewer"
}, {
 "isCode": false,
 "tagBased": false,
 "single": true,
 "awardedCount": 0,
 "id": 79,
 "class": "Silver",
 "badgeReasonTypeId": "Tag",
 "awardFrequency": 8,
 "description": "...",
 "name": "Research Assistant"
}, {
 "isCode": false,
 "tagBased": false,
 "single": false,
 "awardedCount": 0,
 "id": 80,
 "class": "Bronze",
 "badgeReasonTypeId": "Election",
 "awardFrequency": 1,
 "description": "Visited an <a href=\"/election\">election</a> during any phase of an active election",
 "name": "Caucus"
}, {
 "isCode": false,
 "tagBased": false,
 "single": false,
 "awardedCount": 0,
 "id": 81,
 "class": "Silver",
 "badgeReasonTypeId": "Election",
 "awardFrequency": 1,
 "description": "Voted for a candidate in an <a href=\"/election\">election</a>",
 "name": "Constituent"
}, {
 "isCode": false,
 "tagBased": false,
 "single": false,
 "awardedCount": 0,
 "id": 82,
 "class": "Bronze",
 "badgeReasonTypeId": "Review",
 "awardFrequency": 1,
 "description": "Completed at least one <a href=\"/review\">review</a> task.  This badge is awarded once per review type",
 "name": "Custodian"
}, {
 "isCode": false,
 "tagBased": false,
 "single": false,
 "awardedCount": 0,
 "id": 83,
 "class": "Gold",
 "badgeReasonTypeId": "Review",
 "awardFrequency": 5,
 "description": "Completed 1,000 or more <a href=\"/review\">review</a> tasks. This badge is awarded once per review type",
 "name": "Steward"
}, {
 "isCode": false,
 "tagBased": false,
 "single": true,
 "awardedCount": 0,
 "id": 84,
 "class": "Bronze",
 "badgeReasonTypeId": "Other",
 "awardFrequency": 1,
 "description": "Read the entire <a href=\"/about\">about</a> page",
 "name": "Informed"
}, {
 "isCode": true,
 "tagBased": false,
 "single": true,
 "awardedCount": 0,
 "id": 85,
 "class": "Gold",
 "badgeReasonTypeId": "Other",
 "awardFrequency": 1,
 "description": "Served as a pro-tem moderator for a year or through site graduation",
 "name": "Constable"
}, {
 "isCode": true,
 "tagBased": false,
 "single": true,
 "awardedCount": 0,
 "id": 86,
 "class": "Gold",
 "badgeReasonTypeId": "Other",
 "awardFrequency": 1,
 "description": "Served as a moderator for 1 year",
 "name": "Sheriff"
}, {
 "isCode": false,
 "tagBased": false,
 "single": true,
 "awardedCount": 5,
 "id": 87,
 "class": "Bronze",
 "badgeReasonTypeId": "Other",
 "awardFrequency": 24,
 "description": "Asked a good question on 5 separate days, and maintains a positive question record.",
 "name": "Curious"
}, {
 "isCode": false,
 "tagBased": false,
 "single": true,
 "awardedCount": 0,
 "id": 88,
 "class": "Silver",
 "badgeReasonTypeId": "Other",
 "awardFrequency": 24,
 "description": "Asked a good question on 30 separate days, and maintains a positive question record.",
 "name": "Inquisitive"
}, {
 "isCode": false,
 "tagBased": false,
 "single": false,
 "awardedCount": 0,
 "id": 89,
 "class": "Gold",
 "badgeReasonTypeId": "Other",
 "awardFrequency": 24,
 "description": "Asked a good question on 100 separate days, and maintains a positive question record.",
 "name": "Socratic"
}, {
 "isCode": false,
 "tagBased": false,
 "single": true,
 "awardedCount": 1,
 "id": 90,
 "class": "Bronze",
 "badgeReasonTypeId": "Other",
 "awardFrequency": 20,
 "description": "Edited 1 question within 12 hours of posting a positive-scoring answer",
 "name": "Explainer"
}, {
 "isCode": false,
 "tagBased": false,
 "single": true,
 "awardedCount": 0,
 "id": 91,
 "class": "Silver",
 "badgeReasonTypeId": "Other",
 "awardFrequency": 20,
 "description": "Edited 50 questions within 12 hours of posting a positive-scoring answer",
 "name": "Refiner"
}, {
 "isCode": false,
 "tagBased": false,
 "single": true,
 "awardedCount": 0,
 "id": 92,
 "class": "Gold",
 "badgeReasonTypeId": "Other",
 "awardFrequency": 20,
 "description": "Edited 500 questions within 12 hours of posting a positive-scoring answer",
 "name": "Illuminator"
}, {
 "isCode": false,
 "tagBased": false,
 "single": true,
 "awardedCount": 0,
 "id": 102,
 "class": "Silver",
 "badgeReasonTypeId": "UserHistory",
 "awardFrequency": 1,
 "description": "Documentation: contributed 3+ substantive pieces of documentation during the private beta",
 "name": "Documentation Beta"
}, {
 "isCode": false,
 "tagBased": false,
 "single": true,
 "awardedCount": 0,
 "id": 103,
 "class": "Silver",
 "badgeReasonTypeId": "UserHistory",
 "awardFrequency": 1,
 "description": "Documentation: contributed 3+ substantive pieces of documentation during the first month after launch",
 "name": "Documentation Pioneer"
}, {
 "isCode": false,
 "tagBased": false,
 "single": false,
 "awardedCount": 0,
 "id": 104,
 "class": "Silver",
 "badgeReasonTypeId": "UserHistory",
 "awardFrequency": 1,
 "description": "Met a Stack Overflow employee at an event where Stack Overflow was an organizer or participant with 50 or more attendees",
 "name": "Not a Robot"
}, {
 "isCode": false,
 "tagBased": false,
 "single": false,
 "awardedCount": 0,
 "id": 105,
 "class": "Silver",
 "badgeReasonTypeId": "UserHistory",
 "awardFrequency": 1,
 "description": "Completed the annual Stack Overflow survey and supplied their profile URL",
 "name": "Census"
}, {
 "isCode": false,
 "tagBased": false,
 "single": true,
 "awardedCount": 0,
 "id": 106,
 "class": "Silver",
 "badgeReasonTypeId": "UserHistory",
 "awardFrequency": 1,
 "description": "Documentation: earned at least one badge for contributing to Stack Overflow Documentation",
 "name": "Documentation User"
}, {
 "isCode": false,
 "tagBased": false,
 "single": false,
 "awardedCount": 0,
 "id": 107,
 "class": "Silver",
 "badgeReasonTypeId": "Post",
 "awardFrequency": 20,
 "description": "Answer score of 5 or more to a question score of -2 or less that goes on to receive a score of 2 or more",
 "name": "Lifejacket"
}, {
 "isCode": false,
 "tagBased": false,
 "single": false,
 "awardedCount": 0,
 "id": 108,
 "class": "Gold",
 "badgeReasonTypeId": "Post",
 "awardFrequency": 20,
 "description": "Answer score of 20 or more to a question score of -3 or less that goes on to receive a score of 3 or more",
 "name": "Lifeboat"
}, {
 "isCode": false,
 "tagBased": false,
 "single": false,
 "awardedCount": 0,
 "id": 109,
 "class": "Bronze",
 "badgeReasonTypeId": "Post",
 "awardFrequency": 1,
 "description": "Post with reactions from 5 or more other users",
 "name": "Buzz"
}, {
 "isCode": false,
 "tagBased": false,
 "single": false,
 "awardedCount": 0,
 "id": 110,
 "class": "Silver",
 "badgeReasonTypeId": "Post",
 "awardFrequency": 5,
 "description": "Answer saved by 25 users",
 "name": "Favorite Answer"
}, {
 "isCode": false,
 "tagBased": false,
 "single": false,
 "awardedCount": 0,
 "id": 111,
 "class": "Gold",
 "badgeReasonTypeId": "Post",
 "awardFrequency": 3,
 "description": "Answer saved by 100 users",
 "name": "Stellar Answer"
}]