[{
 "creationDate": "2022-08-13T16:47:05.773Z",
 "imageGuid": "05ed5e7e-bb4e-48c7-8155-a58552e9bf9b",
 "id": 1
}, {
 "creationDate": "2022-09-23T13:10:55.697Z",
 "imageGuid": "cd4dbe89-181f-4323-b96c-7464746a92ae",
 "id": 2
}, {
 "creationDate": "2022-09-23T13:12:14.047Z",
 "imageGuid": "88f18bc9-060f-45fb-9939-f0d5f9e3952a",
 "id": 3
}, {
 "creationDate": "2022-09-23T13:12:37.707Z",
 "imageGuid": "6434ce4c-f82a-4b44-aa81-05910c10d5b6",
 "id": 4
}, {
 "creationDate": "2022-09-23T13:54:58.223Z",
 "imageGuid": "eb6f7f4b-d2ed-4a98-b93e-da6033409fed",
 "id": 8
}, {
 "creationDate": "2022-09-24T08:36:41.880Z",
 "imageGuid": "3b7eab64-18f8-456d-9a77-3ab475021874",
 "id": 10
}, {
 "creationDate": "2022-09-24T13:46:41.007Z",
 "imageGuid": "b46a0523-dd45-4047-98e3-cdfba52d60bf",
 "id": 11
}, {
 "creationDate": "2022-09-24T13:47:13.357Z",
 "imageGuid": "b9366ed6-c509-48ea-8ba1-4e317da854d3",
 "id": 12
}, {
 "creationDate": "2022-09-29T17:22:53.417Z",
 "imageGuid": "e7f1c089-5ab9-4053-a39c-6ff18fe5bcb5",
 "id": 13
}, {
 "creationDate": "2022-09-29T17:24:56.350Z",
 "imageGuid": "9d9e350a-1bb1-4cdc-9b86-b9d1aa247bf6",
 "id": 15
}, {
 "creationDate": "2022-10-01T17:20:55.257Z",
 "imageGuid": "8502c900-5219-4353-88f3-c0c51e803a67",
 "id": 16
}, {
 "creationDate": "2022-10-02T14:03:43.303Z",
 "imageGuid": "c9224d5d-a0a6-4482-b1de-fecc3342cc59",
 "id": 17
}, {
 "creationDate": "2022-10-02T19:09:42.420Z",
 "imageGuid": "c880600a-80af-4c00-aa8d-4f80e9a279ac",
 "id": 18
}, {
 "creationDate": "2022-10-03T19:14:56.927Z",
 "imageGuid": "ac79bd62-cb70-4194-a35c-bb9ae2f9b2a0",
 "id": 19
}, {
 "creationDate": "2022-10-04T09:47:24.940Z",
 "imageGuid": "de62eba5-ca16-4fe8-b312-e4dac4f20c9b",
 "id": 21
}, {
 "creationDate": "2022-10-04T16:45:56.047Z",
 "imageGuid": "de076a5c-8c66-4a15-8aa8-c6d3da60a892",
 "id": 23
}, {
 "creationDate": "2022-10-04T16:46:06.103Z",
 "imageGuid": "82bec1a4-6102-47a3-a7b9-edf98f24a072",
 "id": 24
}, {
 "creationDate": "2022-10-05T08:46:02.837Z",
 "imageGuid": "22b2a1e3-4c1c-4dc8-bc36-3d4c177e8b83",
 "id": 25
}, {
 "creationDate": "2022-09-23T13:17:39.843Z",
 "imageGuid": "2d6e806d-332f-49fd-9cef-435b5d63e260",
 "id": 5
}, {
 "creationDate": "2022-10-03T19:17:10.743Z",
 "imageGuid": "09f4133e-7db0-4ef3-a6d6-028e3111504c",
 "id": 20
}, {
 "creationDate": "2022-10-04T10:01:51.807Z",
 "imageGuid": "8fd96a1c-ef9d-4689-8a49-dd9d0aabc51f",
 "id": 22
}, {
 "creationDate": "2022-10-05T10:59:40.693Z",
 "imageGuid": "0be258fc-8d2a-479f-a234-44be25069750",
 "id": 26
}, {
 "creationDate": "2022-10-05T11:02:44.177Z",
 "imageGuid": "ffd40cbb-846d-4662-afd6-971622e705be",
 "id": 27
}, {
 "creationDate": "2022-10-06T09:56:05.470Z",
 "imageGuid": "0ac7e257-4a33-4663-96e3-e7ef68722f53",
 "id": 28
}, {
 "creationDate": "2022-10-06T10:51:18.520Z",
 "imageGuid": "25256c2f-ad1a-4292-a1e5-f11c9864bbbb",
 "id": 29
}, {
 "creationDate": "2022-10-07T19:43:14.817Z",
 "imageGuid": "fe339494-1c6d-43bc-b7d4-607c3c6f0018",
 "id": 30
}, {
 "creationDate": "2022-10-08T09:58:00.833Z",
 "imageGuid": "687cc762-5ec3-424d-9e4c-a57efa1931a7",
 "id": 31
}, {
 "creationDate": "2022-10-08T10:00:19.480Z",
 "imageGuid": "68764cd4-c3ed-4a1a-bdef-78a2cea2c688",
 "id": 32
}, {
 "creationDate": "2022-10-08T10:12:16.590Z",
 "imageGuid": "c1b80ded-de14-4edc-b77d-f68b1e295c73",
 "id": 33
}, {
 "creationDate": "2022-10-10T16:26:15.120Z",
 "imageGuid": "e17b1f7b-bc69-4008-804d-dba0536eb841",
 "id": 34
}, {
 "creationDate": "2022-10-12T13:52:57.620Z",
 "imageGuid": "b1dcb1cb-26ba-4dd9-b149-f458427cb16e",
 "id": 35
}, {
 "creationDate": "2022-10-13T19:59:03.773Z",
 "imageGuid": "c5f63a20-0890-4357-89de-c7b6c64c3f0e",
 "id": 36
}, {
 "creationDate": "2022-10-13T20:04:50.523Z",
 "imageGuid": "d4304959-f247-457f-b682-eecf201c589e",
 "id": 37
}, {
 "creationDate": "2022-10-13T20:05:12.597Z",
 "imageGuid": "99e5edf9-14e6-4c08-9b0b-e92f49621dde",
 "id": 38
}, {
 "creationDate": "2022-10-13T20:28:02.870Z",
 "imageGuid": "d23dbb6f-71b9-4350-8eff-64c62565f1de",
 "id": 39
}, {
 "creationDate": "2022-10-14T07:13:35.397Z",
 "imageGuid": "91bbf161-95d7-4eaa-9509-723ae8c32d46",
 "id": 40
}, {
 "creationDate": "2022-10-14T07:14:21.517Z",
 "imageGuid": "46951156-48fb-4c23-a46f-c6320b1a4508",
 "id": 41
}, {
 "creationDate": "2022-10-14T13:52:47.130Z",
 "imageGuid": "5a9bfeb0-60bd-43e4-959a-4eb4ff8e2e09",
 "id": 44
}, {
 "creationDate": "2022-10-14T13:54:46.140Z",
 "imageGuid": "88187a0b-620d-473f-aade-e7aa16814949",
 "id": 45
}, {
 "creationDate": "2022-10-14T14:11:45.603Z",
 "imageGuid": "4a9e7cfb-7653-4a74-9b57-62e2931771eb",
 "id": 47
}, {
 "creationDate": "2022-10-14T14:56:18.267Z",
 "imageGuid": "c5a19529-5265-4b7f-bded-04ed1e45a72b",
 "id": 48
}, {
 "creationDate": "2022-10-15T16:22:33.153Z",
 "imageGuid": "ee1e8782-7587-4a77-a7df-5a256115935b",
 "id": 49
}, {
 "creationDate": "2022-10-15T20:08:10.410Z",
 "imageGuid": "c23d458e-b538-48b0-8637-c4fb829cfed7",
 "id": 50
}, {
 "creationDate": "2022-10-16T09:16:36.340Z",
 "imageGuid": "fe08a8c1-8c55-4c27-939a-d5fc9b71acb7",
 "id": 51
}, {
 "creationDate": "2022-10-16T10:38:41.287Z",
 "imageGuid": "87fd7b34-6f63-4525-ba4a-83c2b6f772c2",
 "id": 52
}, {
 "creationDate": "2022-10-18T13:31:02.267Z",
 "imageGuid": "a17591af-cdb9-496a-b692-808f2297ee3a",
 "id": 53
}, {
 "creationDate": "2022-10-18T19:14:33.233Z",
 "imageGuid": "433e687f-5602-4f95-9406-ee737e0d254f",
 "id": 54
}, {
 "creationDate": "2022-10-20T07:28:59.223Z",
 "imageGuid": "122a4f3a-6ea1-448a-9851-5e3b2ff3ba5f",
 "id": 55
}, {
 "creationDate": "2022-10-20T19:18:48.050Z",
 "imageGuid": "fc1aa31a-79bd-413e-97b3-b787600358f4",
 "id": 56
}, {
 "creationDate": "2022-10-23T21:00:04.197Z",
 "imageGuid": "7a126ae5-b253-4d1f-9691-fb270a79839f",
 "id": 57
}, {
 "creationDate": "2022-10-24T09:01:01.503Z",
 "imageGuid": "3e442990-2205-4a9f-8336-07354998a382",
 "id": 58
}, {
 "creationDate": "2022-10-28T07:29:11.713Z",
 "imageGuid": "db305ce8-b6b3-4275-bf0f-de7e9b2d9cf1",
 "id": 59
}, {
 "creationDate": "2022-11-02T16:53:10Z",
 "imageGuid": "15ee1ceb-c83b-4568-b404-4bb01ffd37c1",
 "id": 60
}, {
 "creationDate": "2022-09-23T13:18:04.483Z",
 "imageGuid": "d2b12a41-aaca-4205-b6e0-30e229e001c6",
 "id": 6
}, {
 "creationDate": "2022-09-23T13:53:49.827Z",
 "imageGuid": "59d68a9d-da81-45fa-a752-eef99cdd6631",
 "id": 7
}, {
 "creationDate": "2022-09-29T17:24:44.063Z",
 "imageGuid": "a2f922e8-c0b4-4435-9b7b-d4c9d0d695d2",
 "id": 14
}, {
 "creationDate": "2022-10-14T08:52:06.997Z",
 "imageGuid": "764fad2b-3f6d-431f-b98f-770984d1a181",
 "id": 42
}, {
 "creationDate": "2022-11-02T17:04:12.983Z",
 "imageGuid": "99fb2e46-3993-4a26-b423-1f0582b0e423",
 "id": 63
}, {
 "creationDate": "2022-11-02T17:12:57.723Z",
 "imageGuid": "79584aa2-6709-41b6-9647-7000259480b2",
 "id": 64
}, {
 "creationDate": "2022-11-07T13:04:57.903Z",
 "imageGuid": "a1b6f0d4-cad2-45bd-857c-e85a1ee4448d",
 "id": 67
}, {
 "creationDate": "2022-11-10T12:37:32.813Z",
 "imageGuid": "00760557-57a2-4514-842f-daa6a476b8d7",
 "id": 68
}, {
 "creationDate": "2022-11-10T12:40:27.767Z",
 "imageGuid": "5ba979c7-3f30-4fd3-a32a-3d53d07c4256",
 "id": 69
}, {
 "creationDate": "2022-11-11T15:38:26.440Z",
 "imageGuid": "2bd196a7-0a17-4453-8711-219283408832",
 "id": 71
}, {
 "creationDate": "2022-11-12T12:18:51.297Z",
 "imageGuid": "90e36882-71c7-4b3c-bf02-d61ae2ae6522",
 "id": 73
}, {
 "creationDate": "2022-11-12T12:19:49.087Z",
 "imageGuid": "775a64bd-550d-4c3c-88a2-7a724e2308bf",
 "id": 74
}, {
 "creationDate": "2022-11-15T14:49:33.740Z",
 "imageGuid": "00b4643e-3611-4433-8a5d-35d514881fde",
 "id": 75
}, {
 "creationDate": "2022-11-16T19:19:30.673Z",
 "imageGuid": "cd7c362e-e529-442a-9812-c97e314728fa",
 "id": 77
}, {
 "creationDate": "2022-11-16T19:53:09.303Z",
 "imageGuid": "1ad28e4b-1226-49a4-86a5-c7bf5de2935a",
 "id": 78
}, {
 "creationDate": "2022-11-17T16:19:29.887Z",
 "imageGuid": "9b5b0401-6f6e-4c4f-a0cc-6e5e85fd585f",
 "id": 79
}, {
 "creationDate": "2022-11-22T14:46:51.197Z",
 "imageGuid": "0e0ab02b-27ac-4fc7-91de-37c8982f4162",
 "id": 80
}, {
 "creationDate": "2022-09-23T15:14:50.4Z",
 "imageGuid": "25927bfc-5087-4d9b-b58a-dc88689b5cec",
 "id": 9
}, {
 "creationDate": "2022-10-14T13:51:18.677Z",
 "imageGuid": "bbf63453-21e4-43fe-8d2d-d1b44be0b43b",
 "id": 43
}, {
 "creationDate": "2022-10-14T13:55:14.013Z",
 "imageGuid": "6c002771-2d22-498a-939d-8ce6b4cd6eab",
 "id": 46
}, {
 "creationDate": "2022-11-02T16:54:00.377Z",
 "imageGuid": "2c931d96-a285-45f9-aa0e-ab2c95898c77",
 "id": 61
}, {
 "creationDate": "2022-11-02T17:02:24.290Z",
 "imageGuid": "31500557-4613-41ac-8a6a-dcf20ec1e244",
 "id": 62
}, {
 "creationDate": "2022-11-02T17:14:07.753Z",
 "imageGuid": "b98de0a3-c935-4bcf-972a-bc7395456d52",
 "id": 65
}, {
 "creationDate": "2022-11-10T12:44:21.867Z",
 "imageGuid": "6ee6e051-e5a4-434d-bd3b-280a6be59397",
 "id": 70
}, {
 "creationDate": "2022-11-12T12:17:50.967Z",
 "imageGuid": "cae49986-32fc-4f63-9caf-590d47836185",
 "id": 72
}, {
 "creationDate": "2022-11-26T18:19:02.543Z",
 "imageGuid": "4b2d2c79-59ef-4fb1-9810-73eb966181ef",
 "id": 81
}, {
 "creationDate": "2022-11-16T16:17:21.723Z",
 "imageGuid": "e355a62c-7fd5-4911-8147-b387c3beb9df",
 "id": 76
}, {
 "creationDate": "2022-11-07T13:02:43.827Z",
 "imageGuid": "5b8b2982-e82d-480a-82b6-49709c1fbaa2",
 "id": 66
}]