[{
 "isSpecialTag": false,
 "count": 1,
 "id": 1,
 "creationDate": "2022-09-20T15:56:05.030Z",
 "name": "macos"
}, {
 "isSpecialTag": false,
 "count": 1,
 "id": 2,
 "creationDate": "2022-09-20T15:56:05.030Z",
 "name": "setup"
}, {
 "isSpecialTag": false,
 "count": 3,
 "id": 3,
 "creationDate": "2022-09-20T15:56:05.030Z",
 "name": "installfest"
}, {
 "isSpecialTag": false,
 "count": 1,
 "id": 4,
 "creationDate": "2022-09-20T16:00:23.267Z",
 "name": "windows"
}, {
 "isSpecialTag": false,
 "count": 1,
 "id": 5,
 "creationDate": "2022-09-21T13:22:57.513Z",
 "name": "instructions"
}, {
 "isSpecialTag": false,
 "count": 2,
 "id": 7,
 "creationDate": "2022-09-22T06:36:47.110Z",
 "name": "github"
}, {
 "isSpecialTag": false,
 "count": 18,
 "id": 8,
 "creationDate": "2022-09-23T07:46:31.433Z",
 "name": "css"
}, {
 "isSpecialTag": false,
 "count": 1,
 "id": 9,
 "creationDate": "2022-09-23T11:17:24.577Z",
 "name": "mac"
}, {
 "isSpecialTag": false,
 "count": 8,
 "id": 10,
 "creationDate": "2022-09-23T12:50:05.670Z",
 "name": "html"
}, {
 "isSpecialTag": false,
 "count": 1,
 "id": 11,
 "creationDate": "2022-09-23T14:08:25.097Z",
 "name": "stylesheet"
}, {
 "isSpecialTag": false,
 "count": 1,
 "id": 12,
 "creationDate": "2022-09-23T14:08:25.097Z",
 "name": "sizing"
}, {
 "isSpecialTag": false,
 "count": 1,
 "id": 13,
 "creationDate": "2022-09-23T14:08:25.097Z",
 "name": "css-grid"
}, {
 "isSpecialTag": false,
 "count": 2,
 "id": 14,
 "creationDate": "2022-09-23T18:37:29.960Z",
 "name": "layout"
}, {
 "isSpecialTag": false,
 "count": 1,
 "id": 15,
 "creationDate": "2022-09-23T18:37:29.960Z",
 "name": "holy-grail"
}, {
 "isSpecialTag": false,
 "count": 2,
 "id": 16,
 "creationDate": "2022-09-24T08:39:08.647Z",
 "name": "google-chrome-devtools"
}, {
 "isSpecialTag": false,
 "count": 3,
 "id": 17,
 "creationDate": "2022-09-24T08:51:31.343Z",
 "name": "hints"
}, {
 "isSpecialTag": false,
 "count": 1,
 "id": 18,
 "creationDate": "2022-09-24T10:10:53.427Z",
 "name": "sidebar"
}, {
 "isSpecialTag": false,
 "count": 1,
 "id": 19,
 "creationDate": "2022-09-25T13:44:58.350Z",
 "name": "cardlayout"
}, {
 "isSpecialTag": false,
 "count": 1,
 "id": 20,
 "creationDate": "2022-09-25T13:44:58.350Z",
 "name": "tablelayout"
}, {
 "isSpecialTag": false,
 "count": 12,
 "id": 21,
 "creationDate": "2022-09-26T13:44:52.027Z",
 "name": "ex1"
}, {
 "isSpecialTag": false,
 "count": 2,
 "id": 22,
 "creationDate": "2022-09-26T15:28:37.2Z",
 "name": "debug"
}, {
 "isSpecialTag": false,
 "count": 4,
 "id": 23,
 "creationDate": "2022-09-27T13:39:41.750Z",
 "name": "mastery-check"
}, {
 "isSpecialTag": false,
 "count": 2,
 "id": 25,
 "creationDate": "2022-09-27T21:25:32.123Z",
 "name": "input"
}, {
 "isSpecialTag": false,
 "count": 1,
 "id": 26,
 "creationDate": "2022-09-27T21:25:32.123Z",
 "name": "label"
}, {
 "isSpecialTag": false,
 "count": 1,
 "id": 27,
 "creationDate": "2022-09-29T14:50:21.123Z",
 "name": "datatype"
}, {
 "isSpecialTag": false,
 "count": 20,
 "id": 28,
 "creationDate": "2022-09-30T15:27:16.890Z",
 "name": "ex2"
}, {
 "isSpecialTag": false,
 "count": 2,
 "id": 29,
 "creationDate": "2022-09-30T15:27:16.890Z",
 "name": "task1"
}, {
 "isSpecialTag": false,
 "count": 1,
 "id": 30,
 "creationDate": "2022-09-30T15:27:16.890Z",
 "name": "collisiondetection"
}, {
 "isSpecialTag": false,
 "count": 1,
 "id": 31,
 "creationDate": "2022-09-30T16:07:05.070Z",
 "name": "checkbox"
}, {
 "isSpecialTag": false,
 "count": 1,
 "id": 32,
 "creationDate": "2022-10-01T17:22:20.943Z",
 "name": "function-signature"
}, {
 "isSpecialTag": false,
 "count": 5,
 "id": 33,
 "creationDate": "2022-10-02T11:51:51.470Z",
 "name": "task4"
}, {
 "isSpecialTag": false,
 "count": 2,
 "id": 34,
 "creationDate": "2022-10-02T11:51:51.470Z",
 "name": "errors"
}, {
 "isSpecialTag": false,
 "count": 1,
 "id": 35,
 "creationDate": "2022-10-02T11:51:51.470Z",
 "name": "repaint"
}, {
 "isSpecialTag": false,
 "count": 11,
 "id": 36,
 "creationDate": "2022-10-04T10:03:10.933Z",
 "name": "test"
}, {
 "isSpecialTag": false,
 "count": 1,
 "id": 37,
 "creationDate": "2022-10-04T16:47:42.837Z",
 "name": "typeerror"
}, {
 "isSpecialTag": false,
 "count": 3,
 "id": 38,
 "creationDate": "2022-10-05T13:03:12.063Z",
 "name": "javascript"
}, {
 "isSpecialTag": false,
 "count": 1,
 "id": 39,
 "creationDate": "2022-10-06T09:56:36.777Z",
 "name": "ms"
}, {
 "isSpecialTag": false,
 "count": 1,
 "id": 40,
 "creationDate": "2022-10-06T09:56:36.777Z",
 "name": "2000ms"
}, {
 "isSpecialTag": false,
 "count": 1,
 "id": 41,
 "creationDate": "2022-10-06T09:56:36.777Z",
 "name": "performance"
}, {
 "isSpecialTag": false,
 "count": 11,
 "id": 42,
 "creationDate": "2022-10-06T15:21:33.520Z",
 "name": "ex4"
}, {
 "isSpecialTag": false,
 "count": 1,
 "id": 43,
 "creationDate": "2022-10-06T15:21:33.520Z",
 "name": "bonus"
}, {
 "isSpecialTag": false,
 "count": 2,
 "id": 44,
 "creationDate": "2022-10-06T16:26:34.393Z",
 "name": "game"
}, {
 "isSpecialTag": false,
 "count": 1,
 "id": 45,
 "creationDate": "2022-10-06T16:26:34.393Z",
 "name": "defination"
}, {
 "isSpecialTag": false,
 "count": 7,
 "id": 46,
 "creationDate": "2022-10-08T10:13:13.267Z",
 "name": "ex3"
}, {
 "isSpecialTag": false,
 "count": 1,
 "id": 47,
 "creationDate": "2022-10-08T10:13:13.267Z",
 "name": "console-error"
}, {
 "isSpecialTag": false,
 "count": 1,
 "id": 48,
 "creationDate": "2022-10-08T10:13:13.267Z",
 "name": "queryselector"
}, {
 "isSpecialTag": false,
 "count": 1,
 "id": 51,
 "creationDate": "2022-10-13T20:07:38.937Z",
 "name": "localstorage"
}, {
 "isSpecialTag": false,
 "count": 1,
 "id": 52,
 "creationDate": "2022-10-14T07:24:20.347Z",
 "name": "bug"
}, {
 "isSpecialTag": false,
 "count": 1,
 "id": 53,
 "creationDate": "2022-10-15T20:09:22.097Z",
 "name": "webserver"
}, {
 "isSpecialTag": false,
 "count": 2,
 "id": 54,
 "creationDate": "2022-10-17T11:21:18.397Z",
 "name": "task5"
}, {
 "isSpecialTag": false,
 "count": 1,
 "id": 55,
 "creationDate": "2022-10-18T05:29:30.240Z",
 "name": "iterator"
}, {
 "isSpecialTag": false,
 "count": 1,
 "id": 56,
 "creationDate": "2022-10-19T17:42:37Z",
 "name": "local-variables"
}, {
 "isSpecialTag": false,
 "count": 1,
 "id": 57,
 "creationDate": "2022-10-19T17:42:37Z",
 "name": "global-variables"
}, {
 "isSpecialTag": false,
 "count": 1,
 "id": 58,
 "creationDate": "2022-10-20T07:30:04.257Z",
 "name": "emptyfile"
}, {
 "isSpecialTag": false,
 "count": 12,
 "id": 59,
 "creationDate": "2022-10-22T20:10:48.997Z",
 "name": "ex5"
}, {
 "isSpecialTag": false,
 "count": 1,
 "id": 60,
 "creationDate": "2022-10-23T06:42:46.587Z",
 "name": "url"
}, {
 "isSpecialTag": false,
 "count": 1,
 "id": 61,
 "creationDate": "2022-10-24T12:40:10.883Z",
 "name": "yarn"
}, {
 "isSpecialTag": false,
 "count": 5,
 "id": 62,
 "creationDate": "2022-10-25T14:07:09.173Z",
 "name": "ejs"
}, {
 "isSpecialTag": false,
 "count": 1,
 "id": 63,
 "creationDate": "2022-10-25T14:07:09.173Z",
 "name": "default"
}, {
 "isSpecialTag": false,
 "count": 2,
 "id": 64,
 "creationDate": "2022-10-25T15:58:51.3Z",
 "name": "express"
}, {
 "isSpecialTag": false,
 "count": 1,
 "id": 65,
 "creationDate": "2022-10-27T14:02:32.690Z",
 "name": "object"
}, {
 "isSpecialTag": false,
 "count": 1,
 "id": 66,
 "creationDate": "2022-10-27T14:02:32.690Z",
 "name": "assignment-operator"
}, {
 "isSpecialTag": false,
 "count": 4,
 "id": 67,
 "creationDate": "2022-10-28T07:29:58.623Z",
 "name": "ex6"
}, {
 "isSpecialTag": false,
 "count": 1,
 "id": 68,
 "creationDate": "2022-10-28T07:29:58.623Z",
 "name": "missing-files"
}, {
 "isSpecialTag": false,
 "count": 1,
 "id": 69,
 "creationDate": "2022-11-01T14:50:58.650Z",
 "name": "promise"
}, {
 "isSpecialTag": false,
 "count": 1,
 "id": 70,
 "creationDate": "2022-11-02T16:30:28.233Z",
 "name": "mocha"
}, {
 "isSpecialTag": false,
 "count": 1,
 "id": 71,
 "creationDate": "2022-11-02T16:30:28.233Z",
 "name": "vscode"
}, {
 "isSpecialTag": false,
 "count": 11,
 "id": 72,
 "creationDate": "2022-11-03T13:53:10.7Z",
 "name": "ex7"
}, {
 "isSpecialTag": false,
 "count": 1,
 "id": 73,
 "creationDate": "2022-11-03T14:00:55.627Z",
 "name": "questions"
}, {
 "isSpecialTag": false,
 "count": 1,
 "id": 74,
 "creationDate": "2022-11-03T14:00:55.627Z",
 "name": "quiz"
}, {
 "isSpecialTag": false,
 "count": 1,
 "id": 75,
 "creationDate": "2022-11-03T14:00:55.627Z",
 "name": "missing-comments"
}, {
 "isSpecialTag": false,
 "count": 2,
 "id": 76,
 "creationDate": "2022-11-03T15:56:40.907Z",
 "name": "js"
}, {
 "isSpecialTag": false,
 "count": 1,
 "id": 77,
 "creationDate": "2022-11-03T20:01:18.583Z",
 "name": "script-tag"
}, {
 "isSpecialTag": false,
 "count": 2,
 "id": 78,
 "creationDate": "2022-11-10T12:42:20.703Z",
 "name": "script"
}, {
 "isSpecialTag": false,
 "count": 1,
 "id": 79,
 "creationDate": "2022-11-11T15:49:18.333Z",
 "name": "mongodb"
}, {
 "isSpecialTag": false,
 "count": 1,
 "id": 80,
 "creationDate": "2022-11-11T19:46:42.460Z",
 "name": "task8"
}, {
 "isSpecialTag": false,
 "count": 1,
 "id": 81,
 "creationDate": "2022-11-11T19:46:42.460Z",
 "name": "edit"
}, {
 "isSpecialTag": false,
 "count": 5,
 "id": 82,
 "creationDate": "2022-11-12T12:32:49.187Z",
 "name": "ex8"
}, {
 "isSpecialTag": false,
 "count": 2,
 "id": 83,
 "creationDate": "2022-11-12T12:32:49.187Z",
 "name": "socket.io"
}, {
 "isSpecialTag": false,
 "count": 1,
 "id": 84,
 "creationDate": "2022-11-12T12:32:49.187Z",
 "name": "import"
}, {
 "isSpecialTag": false,
 "count": 1,
 "id": 85,
 "creationDate": "2022-11-15T14:54:13.613Z",
 "name": "handson6"
}, {
 "isSpecialTag": false,
 "count": 5,
 "id": 86,
 "creationDate": "2022-11-22T14:05:24.017Z",
 "name": "final-project"
}, {
 "isSpecialTag": false,
 "count": 1,
 "id": 87,
 "creationDate": "2022-11-24T18:25:23.980Z",
 "name": "git"
}]