[{
 "lastAccessDate": "2022-10-25T08:38:36.673Z",
 "creationDate": "2022-08-11T13:17:44.953Z",
 "answerCount": 0,
 "questionCount": 0,
 "goldBadges": 0,
 "silverBadges": 0,
 "bronzeBadges": 0,
 "views": 0,
 "reputation": 1,
 "id": 1,
 "userTypeId": "Admin",
 "accountId": 26038350,
 "lastLoginDate": "2022-10-25T08:38:36.673Z",
 "profileImageUrl": "https://www.gravatar.com/avatar/7b63a5375245a1bbad325fec017962f2?s=128&d=identicon&r=PG",
 "realName": "USI-ITINF",
 "displayName": "USI-ITINF"
}, {
 "lastAccessDate": "2022-12-03T11:40:13.883Z",
 "creationDate": "2022-08-13T16:44:48.823Z",
 "answerCount": 60,
 "questionCount": 22,
 "goldBadges": 0,
 "silverBadges": 0,
 "bronzeBadges": 11,
 "views": 0,
 "reputation": 1317,
 "id": 2,
 "userTypeId": "Admin",
 "accountId": 6266873,
 "lastModifiedDate": "2021-11-01T04:23:24Z",
 "lastLoginDate": "2022-12-03T11:40:13.883Z",
 "location": "Lugano, Switzerland",
 "profileImageUrl": "https://i.stack.imgur.com/IN16z.jpg",
 "realName": "Cesare Pautasso",
 "displayName": "Cesare Pautasso"
}, {
 "lastAccessDate": "2022-12-01T20:08:39.630Z",
 "creationDate": "2022-09-08T09:23:44.793Z",
 "answerCount": 9,
 "questionCount": 4,
 "goldBadges": 0,
 "silverBadges": 0,
 "bronzeBadges": 5,
 "views": 0,
 "reputation": 126,
 "id": 3,
 "userTypeId": "Admin",
 "accountId": 10034586,
 "lastModifiedDate": "2022-11-08T07:47:03.243Z",
 "lastLoginDate": "2022-12-01T20:08:39.630Z",
 "location": "Lugano, Suisse",
 "profileImageUrl": "https://www.gravatar.com/avatar/a12bd688ad0b744dc3710ecf5ff2d544?s=128&d=identicon&r=PG&f=1",
 "realName": "Souhaila Serbout",
 "displayName": "Souhaila Serbout"
}, {
 "lastAccessDate": "2022-11-15T14:15:17.880Z",
 "creationDate": "2022-09-13T10:05:29.730Z",
 "answerCount": 3,
 "questionCount": 2,
 "goldBadges": 0,
 "silverBadges": 0,
 "bronzeBadges": 4,
 "views": 0,
 "reputation": 70,
 "id": 4,
 "userTypeId": "Admin",
 "accountId": 24363613,
 "lastLoginDate": "2022-11-15T13:00:52.987Z",
 "profileImageUrl": "https://www.gravatar.com/avatar/f3f1602300ed2b6fcfeb173bf16dbf9e?s=256&d=identicon&r=PG",
 "realName": "Hassan Atwi",
 "displayName": "Hassan Atwi"
}, {
 "lastAccessDate": "2022-11-16T07:41:51.627Z",
 "creationDate": "2022-09-13T10:06:01.163Z",
 "answerCount": 2,
 "questionCount": 0,
 "goldBadges": 0,
 "silverBadges": 0,
 "bronzeBadges": 1,
 "views": 0,
 "reputation": 16,
 "id": 5,
 "userTypeId": "Admin",
 "accountId": 22885526,
 "lastLoginDate": "2022-11-15T17:36:39.957Z",
 "profileImageUrl": "https://i.stack.imgur.com/V4V8q.jpg",
 "realName": "Fabio Di Lauro",
 "displayName": "Fabio Di Lauro"
}, {
 "lastAccessDate": "2022-09-29T11:34:12.797Z",
 "creationDate": "2022-09-19T10:31:47.687Z",
 "answerCount": 0,
 "questionCount": 0,
 "goldBadges": 0,
 "silverBadges": 0,
 "bronzeBadges": 0,
 "views": 0,
 "reputation": 1,
 "id": 6,
 "userTypeId": "Registered",
 "accountId": 19650360,
 "lastLoginDate": "2022-09-29T11:34:12.797Z",
 "location": "Lugano, Switzerland",
 "profileImageUrl": "https://lh3.googleusercontent.com/a-/AOh14Gj-34ovCBK_SMMYY2qDAE-DuG76kj02MWQGTJPz=k-s256",
 "realName": "Mohamed ali ben amor",
 "displayName": "Mohamed ali ben amor"
}, {
 "lastAccessDate": "2022-09-19T12:34:22.127Z",
 "creationDate": "2022-09-19T12:34:22.127Z",
 "answerCount": 0,
 "questionCount": 0,
 "goldBadges": 0,
 "silverBadges": 0,
 "bronzeBadges": 0,
 "views": 0,
 "reputation": 1,
 "id": 7,
 "userTypeId": "Registered",
 "accountId": 26380274,
 "lastLoginDate": "2022-09-19T12:34:22.127Z",
 "profileImageUrl": "https://www.gravatar.com/avatar/7319f2c1cc666e9086a1379fc3c70068?s=256&d=identicon&r=PG",
 "realName": "Nicola Perucchi",
 "displayName": "Nicola Perucchi"
}, {
 "lastAccessDate": "2022-11-14T14:07:40.790Z",
 "creationDate": "2022-09-19T12:39:24.053Z",
 "answerCount": 0,
 "questionCount": 0,
 "goldBadges": 0,
 "silverBadges": 0,
 "bronzeBadges": 1,
 "views": 0,
 "reputation": 1,
 "id": 8,
 "userTypeId": "Registered",
 "accountId": 26380329,
 "lastLoginDate": "2022-11-14T14:07:40.790Z",
 "profileImageUrl": "https://www.gravatar.com/avatar/d341ab92c6b68ad104362485e682bee2?s=256&d=identicon&r=PG",
 "realName": "Filippo Piloni",
 "displayName": "Filippo Piloni"
}, {
 "lastAccessDate": "2022-11-11T11:38:41.710Z",
 "creationDate": "2022-09-19T12:39:36.233Z",
 "answerCount": 1,
 "questionCount": 0,
 "goldBadges": 0,
 "silverBadges": 0,
 "bronzeBadges": 1,
 "views": 0,
 "reputation": 1,
 "id": 9,
 "userTypeId": "Registered",
 "accountId": 26380325,
 "lastLoginDate": "2022-11-11T11:38:41.710Z",
 "profileImageUrl": "https://lh3.googleusercontent.com/a-/ACNPEu-6hMo3ZxIB1B5xZZcHjMyswvn7SJq8J_sIQMQN3A=k-s256",
 "realName": "Kyla Kaplan",
 "displayName": "Kyla Kaplan"
}, {
 "lastAccessDate": "2022-11-29T08:09:57.927Z",
 "creationDate": "2022-09-19T12:40:01.973Z",
 "answerCount": 1,
 "questionCount": 0,
 "goldBadges": 0,
 "silverBadges": 0,
 "bronzeBadges": 1,
 "views": 0,
 "reputation": 36,
 "id": 10,
 "userTypeId": "Registered",
 "accountId": 26380330,
 "lastLoginDate": "2022-11-28T14:33:02.523Z",
 "profileImageUrl": "https://www.gravatar.com/avatar/0b1af7a8f0b559e733c1cdac707d720b?s=256&d=identicon&r=PG",
 "realName": "Christian Laemmle",
 "displayName": "Christian Laemmle"
}, {
 "lastAccessDate": "2022-11-23T14:24:40.687Z",
 "creationDate": "2022-09-19T12:40:11.917Z",
 "answerCount": 0,
 "questionCount": 0,
 "goldBadges": 0,
 "silverBadges": 0,
 "bronzeBadges": 1,
 "views": 0,
 "reputation": 1,
 "id": 11,
 "userTypeId": "Registered",
 "accountId": 26380337,
 "lastLoginDate": "2022-11-23T14:24:40.687Z",
 "profileImageUrl": "https://www.gravatar.com/avatar/d341ab92c6b68ad104362485e682bee2?s=256&d=identicon&r=PG",
 "realName": "Jiří (Giorgio) Heller",
 "displayName": "Jiří (Giorgio) Heller"
}, {
 "lastAccessDate": "2022-12-02T09:55:04.687Z",
 "creationDate": "2022-09-19T12:40:22.463Z",
 "answerCount": 5,
 "questionCount": 1,
 "goldBadges": 0,
 "silverBadges": 0,
 "bronzeBadges": 4,
 "views": 0,
 "reputation": 31,
 "id": 12,
 "userTypeId": "Registered",
 "accountId": 26380340,
 "lastModifiedDate": "2022-09-28T08:27:32.853Z",
 "lastLoginDate": "2022-12-02T09:55:04.687Z",
 "location": "Lugano - Zürich",
 "profileImageUrl": "https://www.gravatar.com/avatar/5b4ab16537a097b133711875f38863ac?s=128&d=identicon&r=PG",
 "realName": "Mattia Gianinazzi",
 "displayName": "Mattia Gianinazzi"
}, {
 "lastAccessDate": "2022-11-24T14:54:07.220Z",
 "creationDate": "2022-09-19T12:40:53.880Z",
 "answerCount": 0,
 "questionCount": 0,
 "goldBadges": 0,
 "silverBadges": 0,
 "bronzeBadges": 0,
 "views": 0,
 "reputation": 1,
 "id": 13,
 "userTypeId": "Registered",
 "accountId": 26380344,
 "lastLoginDate": "2022-11-24T14:54:07.220Z",
 "profileImageUrl": "https://www.gravatar.com/avatar/7319f2c1cc666e9086a1379fc3c70068?s=256&d=identicon&r=PG",
 "realName": "Arseni Loika",
 "displayName": "Arseni Loika"
}, {
 "lastAccessDate": "2022-12-03T11:26:44.383Z",
 "creationDate": "2022-09-19T12:41:08.720Z",
 "answerCount": 0,
 "questionCount": 0,
 "goldBadges": 0,
 "silverBadges": 0,
 "bronzeBadges": 0,
 "views": 0,
 "reputation": 1,
 "id": 14,
 "userTypeId": "Registered",
 "accountId": 26380350,
 "lastLoginDate": "2022-12-03T11:26:44.383Z",
 "profileImageUrl": "https://www.gravatar.com/avatar/a2c3c10c3293550f07214df922672ebb?s=256&d=identicon&r=PG",
 "realName": "Roberto Ibanez",
 "displayName": "Roberto Ibanez"
}, {
 "lastAccessDate": "2022-11-25T13:57:48.523Z",
 "creationDate": "2022-09-19T12:41:32.483Z",
 "answerCount": 8,
 "questionCount": 14,
 "goldBadges": 0,
 "silverBadges": 0,
 "bronzeBadges": 7,
 "views": 0,
 "reputation": 361,
 "id": 15,
 "userTypeId": "Registered",
 "accountId": 22262797,
 "lastLoginDate": "2022-11-25T13:57:48.523Z",
 "profileImageUrl": "https://lh3.googleusercontent.com/a/AATXAJw0tXcq-oQmMX55fYQPromessTSndpcZ-RbiMAr=k-s256",
 "realName": "Nicola Mazzucchelli",
 "displayName": "Nicola Mazzucchelli"
}, {
 "lastAccessDate": "2022-10-26T09:40:16.847Z",
 "creationDate": "2022-09-19T12:43:42.463Z",
 "answerCount": 0,
 "questionCount": 1,
 "goldBadges": 0,
 "silverBadges": 0,
 "bronzeBadges": 0,
 "views": 0,
 "reputation": 1,
 "id": 16,
 "userTypeId": "Registered",
 "accountId": 26380374,
 "lastLoginDate": "2022-10-26T09:40:16.847Z",
 "profileImageUrl": "https://www.gravatar.com/avatar/2097114933078bd54b5492e7913e26fa?s=256&d=identicon&r=PG",
 "realName": "Federico Bonezzi",
 "displayName": "Federico Bonezzi"
}, {
 "lastAccessDate": "2022-11-26T10:09:26.437Z",
 "creationDate": "2022-09-19T13:06:09.417Z",
 "answerCount": 0,
 "questionCount": 0,
 "goldBadges": 0,
 "silverBadges": 0,
 "bronzeBadges": 0,
 "views": 0,
 "reputation": 1,
 "id": 17,
 "userTypeId": "Registered",
 "accountId": 26380594,
 "lastLoginDate": "2022-11-26T10:09:26.437Z",
 "profileImageUrl": "https://www.gravatar.com/avatar/0b1af7a8f0b559e733c1cdac707d720b?s=256&d=identicon&r=PG",
 "realName": "Ludovica Savoia",
 "displayName": "Ludovica Savoia"
}, {
 "lastAccessDate": "2022-11-03T15:50:51.663Z",
 "creationDate": "2022-09-19T13:07:38.080Z",
 "answerCount": 0,
 "questionCount": 1,
 "goldBadges": 0,
 "silverBadges": 0,
 "bronzeBadges": 2,
 "views": 0,
 "reputation": 3,
 "id": 18,
 "userTypeId": "Registered",
 "accountId": 26380617,
 "lastLoginDate": "2022-11-03T15:50:51.663Z",
 "profileImageUrl": "https://www.gravatar.com/avatar/2dddd3e9e278460772a05e6902ea8f48?s=128&d=identicon&r=PG&f=1",
 "realName": "Raffaele Perri",
 "displayName": "Raffaele Perri"
}, {
 "lastAccessDate": "2022-11-18T10:42:53.210Z",
 "creationDate": "2022-09-19T13:46:07.553Z",
 "answerCount": 0,
 "questionCount": 1,
 "goldBadges": 0,
 "silverBadges": 0,
 "bronzeBadges": 4,
 "views": 0,
 "reputation": 13,
 "id": 19,
 "userTypeId": "Registered",
 "accountId": 26380955,
 "lastLoginDate": "2022-11-17T12:36:04.917Z",
 "profileImageUrl": "https://www.gravatar.com/avatar/87da45a41722e2ccee59dea3b542432b?s=256&d=identicon&r=PG",
 "realName": "Christian Giobbi",
 "displayName": "Christian Giobbi"
}, {
 "lastAccessDate": "2022-11-22T23:40:34.077Z",
 "creationDate": "2022-09-19T15:38:19.757Z",
 "answerCount": 0,
 "questionCount": 1,
 "goldBadges": 0,
 "silverBadges": 0,
 "bronzeBadges": 4,
 "views": 0,
 "reputation": 23,
 "id": 20,
 "userTypeId": "Registered",
 "accountId": 16954744,
 "lastLoginDate": "2022-11-22T14:31:56Z",
 "location": "Italia",
 "profileImageUrl": "https://graph.facebook.com/3354621921244524/picture?type=large",
 "realName": "Jeferson Morales Mariciano",
 "displayName": "Jeferson Morales Mariciano"
}, {
 "lastAccessDate": "2022-12-02T19:31:22.587Z",
 "creationDate": "2022-09-19T16:07:28.970Z",
 "answerCount": 6,
 "questionCount": 1,
 "goldBadges": 0,
 "silverBadges": 0,
 "bronzeBadges": 6,
 "views": 0,
 "reputation": 145,
 "id": 21,
 "userTypeId": "Registered",
 "accountId": 16941029,
 "lastModifiedDate": "2022-10-06T03:00:13.860Z",
 "lastLoginDate": "2022-12-02T19:31:22.587Z",
 "profileImageUrl": "https://www.gravatar.com/avatar/616aeede1697fff3fd538fd7ff45993e?s=256&d=identicon&r=PG",
 "realName": "Albert Cerfeda",
 "displayName": "Albert Cerfeda"
}, {
 "lastAccessDate": "2022-11-28T10:33:52.897Z",
 "creationDate": "2022-09-19T16:12:58.613Z",
 "answerCount": 4,
 "questionCount": 2,
 "goldBadges": 0,
 "silverBadges": 0,
 "bronzeBadges": 5,
 "views": 0,
 "reputation": 98,
 "id": 22,
 "userTypeId": "Registered",
 "accountId": 26382302,
 "lastModifiedDate": "2022-10-27T03:00:00.727Z",
 "lastLoginDate": "2022-11-27T17:10:23.090Z",
 "profileImageUrl": "https://www.gravatar.com/avatar/5d502a86658cebebe1e38bb93f84ccdc?s=256&d=identicon&r=PG",
 "realName": "Marie Kalousková",
 "displayName": "Marie Kalousková"
}, {
 "lastAccessDate": "2022-12-03T11:13:53.620Z",
 "creationDate": "2022-09-19T17:33:40.770Z",
 "answerCount": 2,
 "questionCount": 5,
 "goldBadges": 0,
 "silverBadges": 0,
 "bronzeBadges": 5,
 "views": 0,
 "reputation": 102,
 "id": 23,
 "userTypeId": "Registered",
 "accountId": 26380346,
 "lastLoginDate": "2022-12-02T23:38:16.120Z",
 "profileImageUrl": "https://www.gravatar.com/avatar/0b1af7a8f0b559e733c1cdac707d720b?s=256&d=identicon&r=PG",
 "realName": "Xiana Carrera Alonso",
 "displayName": "Xiana Carrera Alonso"
}, {
 "lastAccessDate": "2022-12-03T08:53:07.083Z",
 "creationDate": "2022-09-19T18:37:25.853Z",
 "answerCount": 12,
 "questionCount": 10,
 "goldBadges": 0,
 "silverBadges": 0,
 "bronzeBadges": 7,
 "views": 0,
 "reputation": 274,
 "id": 24,
 "userTypeId": "Registered",
 "accountId": 22892264,
 "lastModifiedDate": "2022-11-15T03:00:34.340Z",
 "lastLoginDate": "2022-12-03T08:53:07.083Z",
 "profileImageUrl": "https://www.gravatar.com/avatar/ee25ac46e6c761c7a94eddb3c70fdef0?s=256&d=identicon&r=PG",
 "realName": "Kelvin Likollari",
 "displayName": "Kelvin Likollari"
}, {
 "lastAccessDate": "2022-10-14T14:21:56.657Z",
 "creationDate": "2022-09-19T18:41:22.907Z",
 "answerCount": 0,
 "questionCount": 0,
 "goldBadges": 0,
 "silverBadges": 0,
 "bronzeBadges": 1,
 "views": 0,
 "reputation": 1,
 "id": 25,
 "userTypeId": "Registered",
 "accountId": 22938042,
 "lastLoginDate": "2022-10-14T14:21:56.657Z",
 "profileImageUrl": "https://www.gravatar.com/avatar/38998f2414fbe8071c76d739ee85297f?s=128&d=identicon&r=PG&f=1",
 "realName": "Alessandro Artusa",
 "displayName": "Alessandro Artusa"
}, {
 "lastAccessDate": "2022-11-30T10:49:49.250Z",
 "creationDate": "2022-09-19T19:01:57.563Z",
 "answerCount": 3,
 "questionCount": 4,
 "goldBadges": 0,
 "silverBadges": 0,
 "bronzeBadges": 8,
 "views": 0,
 "reputation": 267,
 "id": 26,
 "userTypeId": "Registered",
 "accountId": 26383646,
 "lastModifiedDate": "2022-09-24T12:05:28.463Z",
 "lastLoginDate": "2022-11-29T23:03:01.347Z",
 "location": "i dont think therefore i dont am",
 "profileImageUrl": "https://stackoverflow.com/c/usi-itinf/images/s/6434ce4c-f82a-4b44-aa81-05910c10d5b6.png?s=128&g=1",
 "realName": "Sofia d'Atri",
 "displayName": "Sofia d'Atri"
}, {
 "lastAccessDate": "2022-12-03T10:39:34.003Z",
 "creationDate": "2022-09-19T20:23:42.363Z",
 "answerCount": 0,
 "questionCount": 0,
 "goldBadges": 0,
 "silverBadges": 0,
 "bronzeBadges": 0,
 "views": 0,
 "reputation": 1,
 "id": 27,
 "userTypeId": "Registered",
 "accountId": 26384178,
 "lastLoginDate": "2022-12-02T17:14:00.423Z",
 "profileImageUrl": "https://www.gravatar.com/avatar/6fa1fa7ae77daf6785ff4e6d1f21d5b5?s=256&d=identicon&r=PG",
 "realName": "Sapana Tamang",
 "displayName": "Sapana Tamang"
}, {
 "lastAccessDate": "2022-12-02T22:38:50.163Z",
 "creationDate": "2022-09-21T12:42:03.907Z",
 "answerCount": 5,
 "questionCount": 10,
 "goldBadges": 0,
 "silverBadges": 0,
 "bronzeBadges": 6,
 "views": 0,
 "reputation": 253,
 "id": 28,
 "userTypeId": "Registered",
 "accountId": 26390973,
 "lastModifiedDate": "2022-09-29T10:45:37.063Z",
 "lastLoginDate": "2022-12-02T22:01:09.477Z",
 "profileImageUrl": "https://www.gravatar.com/avatar/3c8399d14a7f5ad87fdcd164feea8bd8?s=128&d=identicon&r=PG",
 "realName": "guerrero toro",
 "displayName": "guerrero toro"
}, {
 "lastAccessDate": "2022-10-28T09:26:38.890Z",
 "creationDate": "2022-09-23T12:46:39.520Z",
 "answerCount": 0,
 "questionCount": 0,
 "goldBadges": 0,
 "silverBadges": 0,
 "bronzeBadges": 0,
 "views": 0,
 "reputation": 1,
 "id": 29,
 "userTypeId": "Registered",
 "accountId": 26422916,
 "lastLoginDate": "2022-10-28T09:26:38.890Z",
 "profileImageUrl": "https://www.gravatar.com/avatar/d1f77bc27cfcc0e14be84218293a231f?s=256&d=identicon&r=PG",
 "realName": "Massimo Abderhalden",
 "displayName": "Massimo Abderhalden"
}, {
 "lastAccessDate": "2022-11-13T14:58:28.387Z",
 "creationDate": "2022-09-23T12:47:26.017Z",
 "answerCount": 0,
 "questionCount": 4,
 "goldBadges": 0,
 "silverBadges": 0,
 "bronzeBadges": 1,
 "views": 0,
 "reputation": 71,
 "id": 30,
 "userTypeId": "Registered",
 "accountId": 23419488,
 "lastLoginDate": "2022-11-13T14:58:28.387Z",
 "profileImageUrl": "https://lh3.googleusercontent.com/a/AATXAJwyqtZL6LQUj8Rtq7omCxPkN3o_thqpeChxy39x=k-s256",
 "realName": "George Batyrev",
 "displayName": "George Batyrev"
}, {
 "lastAccessDate": "2022-11-04T15:49:46.427Z",
 "creationDate": "2022-09-23T13:03:40.707Z",
 "answerCount": 2,
 "questionCount": 0,
 "goldBadges": 0,
 "silverBadges": 0,
 "bronzeBadges": 3,
 "views": 0,
 "reputation": 106,
 "id": 31,
 "userTypeId": "Registered",
 "accountId": 26423073,
 "lastModifiedDate": "2022-10-15T03:00:00.470Z",
 "lastLoginDate": "2022-11-04T15:49:46.427Z",
 "profileImageUrl": "https://lh3.googleusercontent.com/a-/ACNPEu9-0ZnDlJQUSWxE9vl86xslfKgFWael6qnjd0WH_4c=k-s256",
 "realName": "Loredana De Filippo",
 "displayName": "Loredana De Filippo"
}, {
 "lastAccessDate": "2022-11-27T09:04:07.950Z",
 "creationDate": "2022-09-23T13:39:15.720Z",
 "answerCount": 1,
 "questionCount": 3,
 "goldBadges": 0,
 "silverBadges": 0,
 "bronzeBadges": 6,
 "views": 0,
 "reputation": 43,
 "id": 32,
 "userTypeId": "Registered",
 "accountId": 23419901,
 "lastModifiedDate": "2022-09-23T14:09:33Z",
 "lastLoginDate": "2022-11-26T16:23:29.023Z",
 "location": "Lugano",
 "title": "Enterpreneur, Student, Game Developer",
 "profileImageUrl": "https://i.stack.imgur.com/5wb0e.jpg?s=128&g=1",
 "realName": "Marco Farace",
 "displayName": "Requieem"
}, {
 "lastAccessDate": "2022-09-23T13:54:29.987Z",
 "creationDate": "2022-09-23T13:54:29.987Z",
 "answerCount": 0,
 "questionCount": 0,
 "goldBadges": 0,
 "silverBadges": 0,
 "bronzeBadges": 0,
 "views": 0,
 "reputation": 1,
 "id": 33,
 "userTypeId": "Registered",
 "accountId": 26423528,
 "lastLoginDate": "2022-09-23T13:54:29.987Z",
 "profileImageUrl": "https://www.gravatar.com/avatar/16b4b466b00e2195da7349241cc55be1?s=256&d=identicon&r=PG",
 "realName": "Loren Shukry",
 "displayName": "Loren Shukry"
}, {
 "lastAccessDate": "2022-11-24T16:28:46.237Z",
 "creationDate": "2022-09-23T14:11:29.503Z",
 "answerCount": 2,
 "questionCount": 2,
 "goldBadges": 0,
 "silverBadges": 0,
 "bronzeBadges": 5,
 "views": 0,
 "reputation": 118,
 "id": 34,
 "userTypeId": "Registered",
 "accountId": 16142206,
 "lastModifiedDate": "2021-12-18T05:05:00Z",
 "lastLoginDate": "2022-11-24T16:28:46.237Z",
 "profileImageUrl": "https://lh4.googleusercontent.com/--MvmOnir5XQ/AAAAAAAAAAI/AAAAAAAAAZQ/SnyYD4jaPao/photo.jpg?sz=256",
 "realName": "Michele Dalle Rive",
 "displayName": "Michele Dalle Rive"
}, {
 "lastAccessDate": "2022-11-29T08:25:59.160Z",
 "creationDate": "2022-09-23T18:31:01.087Z",
 "answerCount": 3,
 "questionCount": 7,
 "goldBadges": 0,
 "silverBadges": 0,
 "bronzeBadges": 7,
 "views": 0,
 "reputation": 171,
 "id": 35,
 "userTypeId": "Registered",
 "accountId": 26425609,
 "lastLoginDate": "2022-11-29T08:25:59.160Z",
 "profileImageUrl": "https://www.gravatar.com/avatar/8c326a2519c1debb761f31c38ea2e899?s=256&d=identicon&r=PG",
 "realName": "Mohamad Ali Atwi",
 "displayName": "Mohamad Ali Atwi"
}, {
 "lastAccessDate": "2022-11-30T11:57:06.620Z",
 "creationDate": "2022-09-25T12:07:59.730Z",
 "answerCount": 3,
 "questionCount": 4,
 "goldBadges": 0,
 "silverBadges": 0,
 "bronzeBadges": 5,
 "views": 0,
 "reputation": 78,
 "id": 36,
 "userTypeId": "Registered",
 "accountId": 26437571,
 "lastModifiedDate": "2022-11-02T03:00:05.003Z",
 "lastLoginDate": "2022-11-29T14:02:13.533Z",
 "profileImageUrl": "https://www.gravatar.com/avatar/e8cc72a9549e9ea618a50b74d7ea1707?s=256&d=identicon&r=PG",
 "realName": "Thomas Bertini",
 "displayName": "Thomas Bertini"
}, {
 "lastAccessDate": "2022-10-08T13:11:13.307Z",
 "creationDate": "2022-09-25T18:08:34.090Z",
 "answerCount": 0,
 "questionCount": 4,
 "goldBadges": 0,
 "silverBadges": 0,
 "bronzeBadges": 3,
 "views": 0,
 "reputation": 43,
 "id": 37,
 "userTypeId": "Registered",
 "accountId": 26439785,
 "lastLoginDate": "2022-10-08T11:39:44.147Z",
 "profileImageUrl": "https://www.gravatar.com/avatar/a82e97ed4c001a24a3f678548725618a?s=256&d=identicon&r=PG",
 "realName": "Arash Mowdoudi",
 "displayName": "Arash Mowdoudi"
}, {
 "lastAccessDate": "2022-12-01T22:24:43.833Z",
 "creationDate": "2022-09-25T18:21:24.777Z",
 "answerCount": 0,
 "questionCount": 1,
 "goldBadges": 0,
 "silverBadges": 0,
 "bronzeBadges": 3,
 "views": 0,
 "reputation": 13,
 "id": 38,
 "userTypeId": "Registered",
 "accountId": 22971031,
 "lastLoginDate": "2022-12-01T22:24:43.833Z",
 "profileImageUrl": "https://www.gravatar.com/avatar/7319f2c1cc666e9086a1379fc3c70068?s=256&d=identicon&r=PG",
 "realName": "Alan Copa",
 "displayName": "Alan Copa"
}, {
 "lastAccessDate": "2022-09-26T23:06:04.150Z",
 "creationDate": "2022-09-26T23:06:04.150Z",
 "answerCount": 0,
 "questionCount": 0,
 "goldBadges": 0,
 "silverBadges": 0,
 "bronzeBadges": 0,
 "views": 0,
 "reputation": 1,
 "id": 39,
 "userTypeId": "Registered",
 "accountId": 25492213,
 "lastLoginDate": "2022-09-26T23:06:04.150Z",
 "profileImageUrl": "https://www.gravatar.com/avatar/9328d477a8198994d54b0f665450fc94?s=256&d=identicon&r=PG",
 "realName": "Philip",
 "displayName": "Philip"
}, {
 "lastAccessDate": "2022-10-28T08:40:49.470Z",
 "creationDate": "2022-09-27T09:51:47.050Z",
 "answerCount": 1,
 "questionCount": 2,
 "goldBadges": 0,
 "silverBadges": 0,
 "bronzeBadges": 3,
 "views": 0,
 "reputation": 81,
 "id": 40,
 "userTypeId": "Registered",
 "accountId": 26456697,
 "lastLoginDate": "2022-10-27T22:13:20.773Z",
 "profileImageUrl": "https://www.gravatar.com/avatar/0b1af7a8f0b559e733c1cdac707d720b?s=256&d=identicon&r=PG",
 "realName": "Alberto Sardo",
 "displayName": "Alberto Sardo"
}, {
 "lastAccessDate": "2022-12-01T20:56:43.397Z",
 "creationDate": "2022-09-27T12:23:47.163Z",
 "answerCount": 0,
 "questionCount": 0,
 "goldBadges": 0,
 "silverBadges": 0,
 "bronzeBadges": 0,
 "views": 0,
 "reputation": 1,
 "id": 41,
 "userTypeId": "Registered",
 "accountId": 14265965,
 "lastModifiedDate": "2021-04-26T15:18:16Z",
 "lastLoginDate": "2022-12-01T20:56:43.397Z",
 "profileImageUrl": "https://www.gravatar.com/avatar/c9f1cba690ffab43e9e275275e3d3eef?s=128&d=identicon&r=PG&f=1",
 "realName": "Jacopo Di Ventura",
 "displayName": "Jacopo Di Ventura"
}, {
 "lastAccessDate": "2022-11-22T14:31:24.077Z",
 "creationDate": "2022-09-27T12:45:27.240Z",
 "answerCount": 2,
 "questionCount": 2,
 "goldBadges": 0,
 "silverBadges": 0,
 "bronzeBadges": 3,
 "views": 0,
 "reputation": 91,
 "id": 42,
 "userTypeId": "Registered",
 "accountId": 20158090,
 "lastLoginDate": "2022-11-22T14:31:24.077Z",
 "profileImageUrl": "https://www.gravatar.com/avatar/d9dbddbfef9b546a72858619b75bb7a0?s=256&d=identicon&r=PG&f=1",
 "realName": "Nicoló tafta",
 "displayName": "Nicoló tafta"
}, {
 "lastAccessDate": "2022-11-15T21:02:59.860Z",
 "creationDate": "2022-09-27T16:52:14.707Z",
 "answerCount": 0,
 "questionCount": 0,
 "goldBadges": 0,
 "silverBadges": 0,
 "bronzeBadges": 1,
 "views": 0,
 "reputation": 1,
 "id": 43,
 "userTypeId": "Registered",
 "accountId": 22937794,
 "lastLoginDate": "2022-11-14T22:22:14.337Z",
 "profileImageUrl": "https://www.gravatar.com/avatar/a2c3c10c3293550f07214df922672ebb?s=256&d=identicon&r=PG",
 "realName": "Roberto Ferrari",
 "displayName": "Roberto Ferrari"
}, {
 "lastAccessDate": "2022-11-28T15:26:40.820Z",
 "creationDate": "2022-09-28T13:27:42.267Z",
 "answerCount": 1,
 "questionCount": 0,
 "goldBadges": 0,
 "silverBadges": 0,
 "bronzeBadges": 4,
 "views": 0,
 "reputation": 36,
 "id": 44,
 "userTypeId": "Registered",
 "accountId": 9309021,
 "lastModifiedDate": "2022-03-19T16:29:53Z",
 "lastLoginDate": "2022-11-28T15:26:40.820Z",
 "location": "Lugano, Switzerland",
 "title": "Computer Science Bachelor Student @ USI",
 "profileImageUrl": "https://i.stack.imgur.com/JQbLo.png?s=256&g=1",
 "realName": "Edoardo Riggio",
 "displayName": "Edoardo Riggio"
}, {
 "lastAccessDate": "2022-12-02T11:33:02.680Z",
 "creationDate": "2022-09-29T07:12:02.803Z",
 "answerCount": 1,
 "questionCount": 3,
 "goldBadges": 0,
 "silverBadges": 0,
 "bronzeBadges": 4,
 "views": 0,
 "reputation": 25,
 "id": 45,
 "userTypeId": "Registered",
 "accountId": 25584266,
 "lastLoginDate": "2022-12-02T10:23:28.273Z",
 "profileImageUrl": "https://www.gravatar.com/avatar/3eb392b77013d1c9fce8ea8fa51a8b87?s=256&d=identicon&r=PG",
 "realName": "Peiyu Liu",
 "displayName": "Peiyu Liu"
}, {
 "lastAccessDate": "2022-11-14T07:52:28.450Z",
 "creationDate": "2022-09-29T08:16:53.973Z",
 "answerCount": 1,
 "questionCount": 3,
 "goldBadges": 0,
 "silverBadges": 0,
 "bronzeBadges": 3,
 "views": 0,
 "reputation": 39,
 "id": 46,
 "userTypeId": "Registered",
 "accountId": 10891936,
 "lastLoginDate": "2022-11-14T07:28:13.143Z",
 "location": "Genova, GE, Italia",
 "title": "Student at genoa",
 "profileImageUrl": "https://lh4.googleusercontent.com/-pLUFwyAL6N4/AAAAAAAAAAI/AAAAAAAAAMI/3maAkC9JpUU/photo.jpg?sz=256",
 "realName": "Giulio",
 "displayName": "Giulio"
}, {
 "lastAccessDate": "2022-11-13T23:45:04.663Z",
 "creationDate": "2022-09-29T10:08:48.090Z",
 "answerCount": 0,
 "questionCount": 0,
 "goldBadges": 0,
 "silverBadges": 0,
 "bronzeBadges": 0,
 "views": 0,
 "reputation": 1,
 "id": 47,
 "userTypeId": "Registered",
 "accountId": 15578835,
 "lastLoginDate": "2022-11-13T23:45:04.663Z",
 "location": "Switzerland",
 "profileImageUrl": "https://www.gravatar.com/avatar/b65a528c2d0c6f883f756210b4869faa?s=256&d=identicon&r=PG&f=1",
 "realName": "Julian Prokofiev",
 "displayName": "Julian Prokofiev"
}, {
 "lastAccessDate": "2022-11-03T15:09:36.213Z",
 "creationDate": "2022-09-29T14:39:01.427Z",
 "answerCount": 0,
 "questionCount": 0,
 "goldBadges": 0,
 "silverBadges": 0,
 "bronzeBadges": 0,
 "views": 0,
 "reputation": 1,
 "id": 48,
 "userTypeId": "Registered",
 "accountId": 26482723,
 "lastLoginDate": "2022-11-03T15:09:36.213Z",
 "profileImageUrl": "https://www.gravatar.com/avatar/b279e34056ce2f1776463a673da322da?s=256&d=identicon&r=PG",
 "realName": "Agostino Monti",
 "displayName": "Agostino Monti"
}, {
 "lastAccessDate": "2022-11-29T08:24:12.457Z",
 "creationDate": "2022-09-30T13:41:41.090Z",
 "answerCount": 1,
 "questionCount": 2,
 "goldBadges": 0,
 "silverBadges": 0,
 "bronzeBadges": 1,
 "views": 0,
 "reputation": 11,
 "id": 49,
 "userTypeId": "Registered",
 "accountId": 26380572,
 "lastLoginDate": "2022-11-29T08:24:12.457Z",
 "profileImageUrl": "https://www.gravatar.com/avatar/155026a77ca2f914fa49abf4065c96cd?s=128&d=identicon&r=PG&f=1",
 "realName": "Francesco Caglianone",
 "displayName": "Francesco Caglianone"
}, {
 "lastAccessDate": "2022-11-30T14:20:57.247Z",
 "creationDate": "2022-09-30T19:12:53.273Z",
 "answerCount": 0,
 "questionCount": 0,
 "goldBadges": 0,
 "silverBadges": 0,
 "bronzeBadges": 0,
 "views": 0,
 "reputation": 1,
 "id": 50,
 "userTypeId": "Registered",
 "accountId": 22936771,
 "lastLoginDate": "2022-11-30T14:20:57.247Z",
 "profileImageUrl": "https://lh3.googleusercontent.com/a/AATXAJw60DVDUONwz7Z8Nt70I0yZdpwEo0Q_WgwjI4_p=k-s256",
 "realName": "Manuele Jelmini",
 "displayName": "Manuele Jelmini"
}, {
 "lastAccessDate": "2022-12-01T20:08:02.760Z",
 "creationDate": "2022-10-01T08:50:16.090Z",
 "answerCount": 1,
 "questionCount": 0,
 "goldBadges": 0,
 "silverBadges": 0,
 "bronzeBadges": 1,
 "views": 0,
 "reputation": 1,
 "id": 51,
 "userTypeId": "Registered",
 "accountId": 26499034,
 "lastLoginDate": "2022-12-01T20:08:02.760Z",
 "profileImageUrl": "https://www.gravatar.com/avatar/aa51afc2b603c4c5b34e34fc028955dd?s=256&d=identicon&r=PG",
 "realName": "Kirustika Mohanathas",
 "displayName": "Kirustika Mohanathas"
}, {
 "lastAccessDate": "2022-11-18T00:24:52.107Z",
 "creationDate": "2022-10-02T18:25:57.620Z",
 "answerCount": 0,
 "questionCount": 0,
 "goldBadges": 0,
 "silverBadges": 0,
 "bronzeBadges": 0,
 "views": 0,
 "reputation": 1,
 "id": 52,
 "userTypeId": "Registered",
 "accountId": 26509088,
 "lastLoginDate": "2022-11-17T20:41:21.337Z",
 "profileImageUrl": "https://www.gravatar.com/avatar/6e468d42be0e492e97fc045547a81620?s=256&d=identicon&r=PG",
 "realName": "Ilia Zeller",
 "displayName": "Ilia Zeller"
}, {
 "lastAccessDate": "2022-11-27T19:09:56.077Z",
 "creationDate": "2022-10-03T13:07:33.367Z",
 "answerCount": 0,
 "questionCount": 0,
 "goldBadges": 0,
 "silverBadges": 0,
 "bronzeBadges": 0,
 "views": 0,
 "reputation": 1,
 "id": 53,
 "userTypeId": "Registered",
 "accountId": 26515378,
 "lastLoginDate": "2022-11-27T15:06:39.267Z",
 "profileImageUrl": "https://www.gravatar.com/avatar/81cabffdf5adb86e7587082170d0f65d?s=256&d=identicon&r=PG",
 "realName": "Sara Liberi",
 "displayName": "Sara Liberi"
}, {
 "lastAccessDate": "2022-11-24T15:00:54.020Z",
 "creationDate": "2022-10-03T14:58:20.057Z",
 "answerCount": 0,
 "questionCount": 0,
 "goldBadges": 0,
 "silverBadges": 0,
 "bronzeBadges": 0,
 "views": 0,
 "reputation": 1,
 "id": 54,
 "userTypeId": "Registered",
 "accountId": 26516265,
 "lastLoginDate": "2022-11-24T15:00:54.020Z",
 "profileImageUrl": "https://www.gravatar.com/avatar/fd843ef3e0187a7487262b3129ab7140?s=256&d=identicon&r=PG",
 "realName": "Delara Lomen",
 "displayName": "Delara Lomen"
}, {
 "lastAccessDate": "2022-12-01T15:43:31.840Z",
 "creationDate": "2022-10-04T08:49:10.627Z",
 "answerCount": 0,
 "questionCount": 1,
 "goldBadges": 0,
 "silverBadges": 0,
 "bronzeBadges": 2,
 "views": 0,
 "reputation": 23,
 "id": 55,
 "userTypeId": "Registered",
 "accountId": 26523402,
 "lastLoginDate": "2022-12-01T15:43:31.840Z",
 "profileImageUrl": "https://www.gravatar.com/avatar/7319f2c1cc666e9086a1379fc3c70068?s=256&d=identicon&r=PG",
 "realName": "Hun Rim",
 "displayName": "Hun Rim"
}, {
 "lastAccessDate": "2022-10-09T06:00:05.907Z",
 "creationDate": "2022-10-04T09:15:46.763Z",
 "answerCount": 0,
 "questionCount": 0,
 "goldBadges": 0,
 "silverBadges": 0,
 "bronzeBadges": 0,
 "views": 0,
 "reputation": 1,
 "id": 56,
 "userTypeId": "Registered",
 "accountId": 26523622,
 "lastLoginDate": "2022-10-08T09:13:45.530Z",
 "profileImageUrl": "https://lh3.googleusercontent.com/a/ALm5wu1meEL2xx_NCAuyE__IS1S80-m_oOriisuCT070=k-s256",
 "realName": "Eduardo Trabattoni",
 "displayName": "Eduardo Trabattoni"
}, {
 "lastAccessDate": "2022-11-12T09:35:18.963Z",
 "creationDate": "2022-10-05T14:13:59.003Z",
 "answerCount": 0,
 "questionCount": 0,
 "goldBadges": 0,
 "silverBadges": 0,
 "bronzeBadges": 0,
 "views": 0,
 "reputation": 1,
 "id": 57,
 "userTypeId": "Registered",
 "accountId": 26536193,
 "lastLoginDate": "2022-11-12T09:35:18.963Z",
 "profileImageUrl": "https://lh3.googleusercontent.com/a/ALm5wu0S-ifuloHowkWDJtIf2aB304EdySA_85ecmTCn=k-s256",
 "realName": "Cristiano Masutti",
 "displayName": "Cristiano Masutti"
}, {
 "lastAccessDate": "2022-11-12T09:59:17.820Z",
 "creationDate": "2022-10-06T08:07:16.437Z",
 "answerCount": 0,
 "questionCount": 0,
 "goldBadges": 0,
 "silverBadges": 0,
 "bronzeBadges": 0,
 "views": 0,
 "reputation": 1,
 "id": 58,
 "userTypeId": "Registered",
 "accountId": 21831771,
 "lastModifiedDate": "2022-06-25T02:40:00Z",
 "lastLoginDate": "2022-11-12T09:59:17.820Z",
 "profileImageUrl": "https://lh3.googleusercontent.com/a-/AOh14GgBlRNa9UdxDVLukPQIdBD3Ba1wnJMA93mvf6HdCQ=k-s256",
 "realName": "Martin Lettry",
 "displayName": "Martin Lettry"
}, {
 "lastAccessDate": "2022-11-15T16:49:05.423Z",
 "creationDate": "2022-10-06T10:09:38.427Z",
 "answerCount": 0,
 "questionCount": 0,
 "goldBadges": 0,
 "silverBadges": 0,
 "bronzeBadges": 0,
 "views": 0,
 "reputation": 1,
 "id": 59,
 "userTypeId": "Registered",
 "accountId": 26544218,
 "lastLoginDate": "2022-11-15T16:49:05.423Z",
 "profileImageUrl": "https://www.gravatar.com/avatar/0b1af7a8f0b559e733c1cdac707d720b?s=256&d=identicon&r=PG",
 "realName": "Giorgio Bonetto",
 "displayName": "Giorgio Bonetto"
}, {
 "lastAccessDate": "2022-11-24T14:46:11.617Z",
 "creationDate": "2022-10-06T18:56:45.157Z",
 "answerCount": 0,
 "questionCount": 0,
 "goldBadges": 0,
 "silverBadges": 0,
 "bronzeBadges": 1,
 "views": 0,
 "reputation": 1,
 "id": 60,
 "userTypeId": "Registered",
 "accountId": 21307720,
 "lastLoginDate": "2022-11-24T14:46:11.617Z",
 "profileImageUrl": "https://www.gravatar.com/avatar/51f80fb0e273e71e8a477910ce321546?s=256&d=identicon&r=PG&f=1",
 "realName": "Riccardo Carmellini",
 "displayName": "Riccardo Carmellini"
}, {
 "lastAccessDate": "2022-10-17T11:47:42.953Z",
 "creationDate": "2022-10-09T15:42:21.063Z",
 "answerCount": 0,
 "questionCount": 0,
 "goldBadges": 0,
 "silverBadges": 0,
 "bronzeBadges": 0,
 "views": 0,
 "reputation": 1,
 "id": 61,
 "userTypeId": "Registered",
 "accountId": 22948919,
 "lastModifiedDate": "2021-10-26T15:39:36Z",
 "lastLoginDate": "2022-10-17T11:47:42.953Z",
 "profileImageUrl": "https://i.stack.imgur.com/dpxKr.png?s=256&g=1",
 "realName": "Marco Biasion",
 "displayName": "Marco Biasion"
}, {
 "lastAccessDate": "2022-11-17T14:47:30.117Z",
 "creationDate": "2022-10-10T20:48:42.637Z",
 "answerCount": 0,
 "questionCount": 0,
 "goldBadges": 0,
 "silverBadges": 0,
 "bronzeBadges": 0,
 "views": 0,
 "reputation": 1,
 "id": 62,
 "userTypeId": "Registered",
 "accountId": 26584079,
 "lastLoginDate": "2022-11-17T14:47:30.117Z",
 "profileImageUrl": "https://www.gravatar.com/avatar/7c70c4b8b16052ef462f79b7b4b4b119?s=256&d=identicon&r=PG",
 "realName": "Dimitris Mystriotis",
 "displayName": "Dimitris Mystriotis"
}, {
 "lastAccessDate": "2022-10-27T17:38:09.060Z",
 "creationDate": "2022-10-11T11:32:29.720Z",
 "answerCount": 0,
 "questionCount": 0,
 "goldBadges": 0,
 "silverBadges": 0,
 "bronzeBadges": 0,
 "views": 0,
 "reputation": 1,
 "id": 63,
 "userTypeId": "Registered",
 "accountId": 26589688,
 "lastLoginDate": "2022-10-27T17:38:09.060Z",
 "profileImageUrl": "https://lh3.googleusercontent.com/a/ALm5wu2ol4GkB9TSTJscBxJYpPNWUn9rWEh96EcbbenAbQ=k-s256",
 "realName": "leo.c",
 "displayName": "leo.c"
}, {
 "lastAccessDate": "2022-11-28T15:15:10.103Z",
 "creationDate": "2022-10-11T11:40:30.343Z",
 "answerCount": 0,
 "questionCount": 0,
 "goldBadges": 0,
 "silverBadges": 0,
 "bronzeBadges": 1,
 "views": 0,
 "reputation": 1,
 "id": 64,
 "userTypeId": "Registered",
 "accountId": 26589765,
 "lastLoginDate": "2022-11-28T09:54:36.643Z",
 "profileImageUrl": "https://www.gravatar.com/avatar/7319f2c1cc666e9086a1379fc3c70068?s=256&d=identicon&r=PG",
 "realName": "Gianluca Maragliano",
 "displayName": "Gianluca Maragliano"
}, {
 "lastAccessDate": "2022-11-29T21:22:08.820Z",
 "creationDate": "2022-10-17T15:45:31.570Z",
 "answerCount": 0,
 "questionCount": 1,
 "goldBadges": 0,
 "silverBadges": 0,
 "bronzeBadges": 0,
 "views": 0,
 "reputation": 1,
 "id": 65,
 "userTypeId": "Registered",
 "accountId": 26650547,
 "lastLoginDate": "2022-11-29T21:22:08.820Z",
 "profileImageUrl": "https://www.gravatar.com/avatar/a075297b5706d4eae2cfe4feab016b8a?s=256&d=identicon&r=PG",
 "realName": "frafantozzi",
 "displayName": "frafantozzi"
}, {
 "lastAccessDate": "2022-11-30T20:21:54.470Z",
 "creationDate": "2022-10-28T13:16:50.037Z",
 "answerCount": 0,
 "questionCount": 0,
 "goldBadges": 0,
 "silverBadges": 0,
 "bronzeBadges": 0,
 "views": 0,
 "reputation": 1,
 "id": 66,
 "userTypeId": "Registered",
 "accountId": 23034425,
 "lastModifiedDate": "2022-11-30T03:00:08.690Z",
 "lastLoginDate": "2022-11-30T13:06:05.313Z",
 "profileImageUrl": "https://www.gravatar.com/avatar/02bbc912b5d1886b71592af69e3da7e6?s=256&d=identicon&r=PG",
 "realName": "Leonardo",
 "displayName": "Leonardo"
}, {
 "lastAccessDate": "2022-11-03T14:01:49.940Z",
 "creationDate": "2022-11-02T15:09:11.687Z",
 "answerCount": 0,
 "questionCount": 0,
 "goldBadges": 0,
 "silverBadges": 0,
 "bronzeBadges": 0,
 "views": 0,
 "reputation": 1,
 "id": 67,
 "userTypeId": "Registered",
 "accountId": 26807982,
 "lastLoginDate": "2022-11-02T15:09:11.687Z",
 "profileImageUrl": "https://lh3.googleusercontent.com/a/ALm5wu3rA09TrUL1719d0uwGhN0ZW35LJEhnHGgQzz59=k-s256",
 "realName": "Jarod Facineroso",
 "displayName": "Jarod Facineroso"
}, {
 "lastAccessDate": "2022-11-16T23:08:54.977Z",
 "creationDate": "2022-11-13T18:30:32.293Z",
 "answerCount": 0,
 "questionCount": 1,
 "goldBadges": 0,
 "silverBadges": 0,
 "bronzeBadges": 1,
 "views": 0,
 "reputation": 1,
 "id": 68,
 "userTypeId": "Registered",
 "accountId": 26920560,
 "lastLoginDate": "2022-11-16T23:08:54.977Z",
 "profileImageUrl": "https://lh3.googleusercontent.com/a/ALm5wu0QBqPHpqcgZw5RX-HJp3D8zBa2VnnMSnGweVPeLQ=k-s256",
 "realName": "Deidda Paolo",
 "displayName": "Deidda Paolo"
}, {
 "lastAccessDate": "2022-11-20T19:58:03.2Z",
 "creationDate": "2022-11-18T17:20:14.673Z",
 "answerCount": 0,
 "questionCount": 0,
 "goldBadges": 0,
 "silverBadges": 0,
 "bronzeBadges": 0,
 "views": 0,
 "reputation": 1,
 "id": 69,
 "userTypeId": "Registered",
 "accountId": 26858198,
 "lastLoginDate": "2022-11-20T19:58:03.2Z",
 "profileImageUrl": "https://www.gravatar.com/avatar/5cd6dfa7bc14c15bf8ed5536263f047d?s=256&d=identicon&r=PG",
 "realName": "pmk",
 "displayName": "pmk"
}, {
 "lastAccessDate": "2022-12-02T14:50:48.297Z",
 "creationDate": "2022-11-18T18:37:33.933Z",
 "answerCount": 0,
 "questionCount": 0,
 "goldBadges": 0,
 "silverBadges": 0,
 "bronzeBadges": 0,
 "views": 0,
 "reputation": 1,
 "id": 70,
 "userTypeId": "Registered",
 "accountId": 26977342,
 "lastLoginDate": "2022-12-01T18:08:27.807Z",
 "profileImageUrl": "https://www.gravatar.com/avatar/76c25ff1e86d6505b31978c407504d97?s=256&d=identicon&r=PG",
 "realName": "Roberto Ferrari",
 "displayName": "Roberto Ferrari"
}, {
 "lastAccessDate": "2022-11-30T10:09:30.517Z",
 "creationDate": "2022-11-30T10:09:30.517Z",
 "answerCount": 0,
 "questionCount": 0,
 "goldBadges": 0,
 "silverBadges": 0,
 "bronzeBadges": 0,
 "views": 0,
 "reputation": 1,
 "id": 71,
 "userTypeId": "Registered",
 "accountId": 19966221,
 "lastLoginDate": "2022-11-30T10:09:30.517Z",
 "profileImageUrl": "https://www.gravatar.com/avatar/426b466227182c404fc41430f2263483?s=256&d=identicon&r=PG",
 "realName": "Luca Beltrami",
 "displayName": "Luca Beltrami"
}, {
 "lastAccessDate": "2022-12-02T10:28:47.070Z",
 "creationDate": "2022-12-02T00:27:28.477Z",
 "answerCount": 0,
 "questionCount": 0,
 "goldBadges": 0,
 "silverBadges": 0,
 "bronzeBadges": 1,
 "views": 0,
 "reputation": 1,
 "id": 72,
 "userTypeId": "Registered",
 "accountId": 5594291,
 "lastLoginDate": "2022-12-02T00:27:28.477Z",
 "profileImageUrl": "https://www.gravatar.com/avatar/dba3d1d195551a64b7826d24d279f7c6?s=256&d=identicon&r=PG",
 "realName": "Fabio Di Lauro",
 "displayName": "Fabio Di Lauro"
}]